시군구,상가명,지번주소,건물명,건물유형,등록전유부수,실제영업중수,비고
종로구,치휴한방병원,서울특별시 종로구 연건동 39,대학로빌딩,일반,,,일반건축물(단일단위)
종로구,고향집,서울특별시 종로구 장사동 80, ,일반,,,일반건축물(단일단위)
종로구,청안,서울특별시 종로구 소격동 61, ,일반,,,일반건축물(단일단위)
종로구,수피아,서울특별시 종로구 종로3가 27, ,일반,,,일반건축물(단일단위)
종로구,광명피아노,서울특별시 종로구 낙원동 288, ,집합,1,140,불일치(등록<실제)
종로구,금술,서울특별시 종로구 종로4가 30, ,일반,,,일반건축물(단일단위)
종로구,동진산업,서울특별시 종로구 관수동 100, ,일반,,,일반건축물(단일단위)
종로구,천지의료기,서울특별시 종로구 종로3가 145-1,화암빌딩,일반,,,일반건축물(단일단위)
종로구,열두척,서울특별시 종로구 묘동 24-1, ,일반,,,일반건축물(단일단위)
종로구,현대전기,서울특별시 종로구 계동 117-1, ,일반,,,일반건축물(단일단위)
종로구,종로양행,서울특별시 종로구 안국동 104, ,일반,,,일반건축물(단일단위)
종로구,동화사,서울특별시 종로구 재동 84-39, ,일반,,,일반건축물(단일단위)
종로구,최가네곱창,서울특별시 종로구 종로3가 156-2, ,일반,,,일반건축물(단일단위)
종로구,쑥향떡집,서울특별시 종로구 연지동 188-3, ,일반,,,일반건축물(단일단위)
종로구,류화랑,서울특별시 종로구 관훈동 30-13, ,일반,,,일반건축물(단일단위)
종로구,담배집,서울특별시 종로구 돈의동 103-70, ,일반,,,일반건축물(단일단위)
종로구,에듀컴,서울특별시 종로구 와룡동 36-1, ,일반,,,일반건축물(단일단위)
종로구,태양의상수선,서울특별시 종로구 재동 84-16, ,일반,,,일반건축물(단일단위)
종로구,대성철물,서울특별시 종로구 묘동 22-3, ,일반,,,일반건축물(단일단위)
종로구,운석,서울특별시 종로구 봉익동 118-2,봉익동 빌딩,일반,,,일반건축물(단일단위)
종로구,도서마을,서울특별시 종로구 익선동 94-3, ,일반,,,일반건축물(단일단위)
종로구,자기사랑복원연구소,서울특별시 종로구 와룡동 143, ,일반,,,일반건축물(단일단위)
종로구,반반2,서울특별시 종로구 돈의동 50, ,일반,,,일반건축물(단일단위)
종로구,보혁사,서울특별시 종로구 묘동 24-2, ,일반,,,일반건축물(단일단위)
종로구,빛갤러리,서울특별시 종로구 홍지동 127-2, ,일반,,,일반건축물(단일단위)
종로구,시온상사,서울특별시 종로구 관수동 130-1, ,일반,,,일반건축물(단일단위)
종로구,상록,서울특별시 종로구 낙원동 236-1, ,일반,,,일반건축물(단일단위)
종로구,대한공인중개사무소,서울특별시 종로구 장사동 224-8, ,일반,,,일반건축물(단일단위)
종로구,건영사,서울특별시 종로구 충신동 25-37,충신빌딩,일반,,,일반건축물(단일단위)
종로구,사동집,서울특별시 종로구 관훈동 29-18, ,일반,,,일반건축물(단일단위)
중구,진양상회,서울특별시 중구 남창동 50-57, ,일반,,,일반건축물(단일단위)
중구,중앙전자시스템,서울특별시 중구 산림동 207-2, ,집합,1,52,불일치(등록<실제)
중구,서정구세무사사무소,서울특별시 중구 수표동 47-6, ,일반,,,일반건축물(단일단위)
중구,법무사박성수사무소,서울특별시 중구 서소문동 26,경서빌딩,일반,,,일반건축물(단일단위)
중구,조은공인중개사사무소,서울특별시 중구 회현동3가 1-6, ,일반,,,일반건축물(단일단위)
중구,문화토탈사인,서울특별시 중구 황학동 2482, ,일반,,,일반건축물(단일단위)
중구,보림스탠드바,서울특별시 중구 을지로3가 296-1, ,일반,,,일반건축물(단일단위)
중구,토담,서울특별시 중구 필동1가 3-19, ,일반,,,일반건축물(단일단위)
중구,카리스,서울특별시 중구 신당동 217-95, ,집합,1,43,불일치(등록<실제)
중구,정관장신당점,서울특별시 중구 신당동 333-79,성원빌딩,일반,,,일반건축물(단일단위)
중구,을지로골뱅이,서울특별시 중구 신당동 368-59, ,일반,,,일반건축물(단일단위)
중구,오직건강원,서울특별시 중구 신당동 133-29, ,일반,,,일반건축물(단일단위)
중구,정동집,서울특별시 중구 정동 11-4, ,일반,,,일반건축물(단일단위)
중구,대광조명,서울특별시 중구 을지로4가 187-7, ,일반,,,일반건축물(단일단위)
중구,젬포스,서울특별시 중구 남창동 33-1, ,일반,,,일반건축물(단일단위)
중구,터보모터스,서울특별시 중구 충무로5가 20-26, ,일반,,,일반건축물(단일단위)
중구,씨엠,서울특별시 중구 을지로6가 17-18, ,집합,1,10,불일치(등록<실제)
중구,아이템뱅크,서울특별시 중구 충무로3가 49,엘크루 메트로시티,집합,1,56,불일치(등록<실제)
중구,드림컴정보통신,서울특별시 중구 남대문로5가 21-1, ,일반,,,일반건축물(단일단위)
중구,폴랩,서울특별시 중구 인현동1가 66,프린트시티인쇄센타,일반,,,일반건축물(단일단위)
중구,신신공사,서울특별시 중구 신당동 250-17, ,일반,,,일반건축물(단일단위)
중구,미뇽헤어,서울특별시 중구 서소문동 120-14, ,일반,,,일반건축물(단일단위)
중구,마카오Ⅰ,서울특별시 중구 을지로1가 37,서광빌딩,일반,,,일반건축물(단일단위)
중구,두리종합주방,서울특별시 중구 흥인동 10, ,일반,,,일반건축물(단일단위)
중구,대영자동차서비스,서울특별시 중구 중림동 473, ,일반,,,일반건축물(단일단위)
중구,세무사김인기사무소,서울특별시 중구 신당동 102-6, ,일반,,,일반건축물(단일단위)
중구,한솔기업,서울특별시 중구 을지로3가 334-10, ,일반,,,일반건축물(단일단위)
중구,신명인쇄,서울특별시 중구 인현동2가 135-32, ,일반,,,일반건축물(단일단위)
중구,아트아크릴,서울특별시 중구 예관동 37-2, ,일반,,,일반건축물(단일단위)
중구,정병철임대,서울특별시 중구 저동2가 78,비즈센터,집합,1,73,불일치(등록<실제)
중구,신의주부대찌개,서울특별시 중구 북창동 14-5, ,일반,,,일반건축물(단일단위)
중구,취홍,서울특별시 중구 순화동 66,순화타워,일반,,,일반건축물(단일단위)
중구,동원민물장어,서울특별시 중구 북창동 75, ,일반,,,일반건축물(단일단위)
중구,서울퍼니테리어,서울특별시 중구 서소문동 37,제1동,일반,,,일반건축물(단일단위)
중구,공간,서울특별시 중구 을지로5가 35-6,을지로4구역 지하도상가,집합,1,38,불일치(등록<실제)
용산구,으뜸공인중개사사무소,서울특별시 용산구 갈월동 58-8, ,일반,,,일반건축물(단일단위)
용산구,회사랑,서울특별시 용산구 이촌동 301-53, ,집합,1,34,불일치(등록<실제)
용산구,GS25한남,서울특별시 용산구 한남동 639-1, ,일반,,,일반건축물(단일단위)
용산구,라인건축사사무소,서울특별시 용산구 후암동 244-32, ,일반,,,일반건축물(단일단위)
용산구,눈높이안경,서울특별시 용산구 서계동 267-56, ,일반,,,일반건축물(단일단위)
용산구,델리카,서울특별시 용산구 이태원동 579, ,일반,,,일반건축물(단일단위)
용산구,시온게스트하우스,서울특별시 용산구 한남동 729-10, ,일반,,,일반건축물(단일단위)
용산구,디저트카페스테이,서울특별시 용산구 남영동 35-2, ,일반,,,일반건축물(단일단위)
용산구,델리베이커리,서울특별시 용산구 갈월동 56-3, ,일반,,,일반건축물(단일단위)
용산구,노팅힐,서울특별시 용산구 이태원동 96-125, ,일반,,,일반건축물(단일단위)
용산구,로데오노래연습장,서울특별시 용산구 한남동 634-1, ,일반,,,일반건축물(단일단위)
용산구,비지닷컴,서울특별시 용산구 원효로2가 3-6, ,일반,,,일반건축물(단일단위)
용산구,디어비,서울특별시 용산구 한남동 26-10,TWIN VILL,집합,1,3,불일치(등록<실제)
용산구,갤러리비원,서울특별시 용산구 이태원동 239-4,가야랑 Gayarang,일반,,,일반건축물(단일단위)
용산구,우쿠야한남점,서울특별시 용산구 한남동 644-5, ,일반,,,일반건축물(단일단위)
용산구,갤러리가비,서울특별시 용산구 한강로1가 221-5, ,일반,,,일반건축물(단일단위)
용산구,힐링젠스파,서울특별시 용산구 효창동 5-527, ,일반,,,일반건축물(단일단위)
용산구,참숯집,서울특별시 용산구 원효로1가 43-30, ,일반,,,일반건축물(단일단위)
용산구,씨에스메이커스,서울특별시 용산구 한강로1가 292-1, ,일반,,,일반건축물(단일단위)
용산구,스트링띠어리,서울특별시 용산구 이태원동 255-27, ,일반,,,일반건축물(단일단위)
용산구,드림네트웍스,서울특별시 용산구 한강로3가 40-999,에이치디씨아이파크몰(본점),집합,1,240,불일치(등록<실제)
용산구,윤아트,서울특별시 용산구 동빙고동 198, ,일반,,,일반건축물(단일단위)
용산구,행운,서울특별시 용산구 원효로3가 37-2,재용빌딩,일반,,,일반건축물(단일단위)
용산구,라보떼뷰티,서울특별시 용산구 남영동 114-13, ,집합,1,1,
용산구,문화카페산장,서울특별시 용산구 갈월동 93-25, ,일반,,,일반건축물(단일단위)
용산구,이안공인중개사사무소,서울특별시 용산구 산천동 183-1, ,일반,,,일반건축물(단일단위)
용산구,몽떼,서울특별시 용산구 원효로1가 43-19, ,일반,,,일반건축물(단일단위)
용산구,솔향기,서울특별시 용산구 원효로2가 73-10, ,일반,,,일반건축물(단일단위)
용산구,보신＆준,서울특별시 용산구 용문동 38-60,에벤에셀,집합,1,1,
용산구,서울아트프로젝트,서울특별시 용산구 이태원동 260-155, ,일반,,,일반건축물(단일단위)
용산구,한남주방,서울특별시 용산구 한남동 29-4, ,집합,1,4,불일치(등록<실제)
용산구,소소,서울특별시 용산구 용문동 32-74, ,일반,,,일반건축물(단일단위)
용산구,금나막스2,서울특별시 용산구 한강로2가 309-5, ,일반,,,일반건축물(단일단위)
용산구,히말라야아이즈,서울특별시 용산구 이태원동 63-4, ,일반,,,일반건축물(단일단위)
성동구,소망공인중개사사무소,서울특별시 성동구 용답동 4-11,1,일반,,,일반건축물(단일단위)
성동구,하나애드,서울특별시 성동구 성수동1가 13-164,서울숲IT밸리,집합,1,75,불일치(등록<실제)
성동구,비어오크,서울특별시 성동구 마장동 791-9,봉호빌딩,일반,,,일반건축물(단일단위)
성동구,남도집,서울특별시 성동구 도선동 83, ,일반,,,일반건축물(단일단위)
성동구,법무사이두석사무소,서울특별시 성동구 성수동1가 13-445, ,일반,,,일반건축물(단일단위)
성동구,짱텔레콤,서울특별시 성동구 용답동 57-13, ,일반,,,일반건축물(단일단위)
성동구,김종용누룽지통닭,서울특별시 성동구 행당동 19-46, ,일반,,,일반건축물(단일단위)
성동구,에스에이텍스타일,서울특별시 성동구 옥수동 323-17,옥수동 조을빌딩,일반,,,일반건축물(단일단위)
성동구,부동산랜드공인중개사사무소,서울특별시 성동구 송정동 73-420, ,일반,,,일반건축물(단일단위)
성동구,홍단,서울특별시 성동구 성수동2가 302-8,블루스톤타워,집합,1,35,불일치(등록<실제)
성동구,법무사원경희사무소,서울특별시 성동구 옥수동 220-1,한남하이츠아파트,집합,1,7,불일치(등록<실제)
성동구,단지내에이스공인중개사사무소,서울특별시 성동구 금호동2가 1,신금호파크자이,집합,1,19,불일치(등록<실제)
성동구,투워드,서울특별시 성동구 옥수동 100,옥수하이츠아파트,집합,1,12,불일치(등록<실제)
성동구,하나기획,서울특별시 성동구 용답동 236-5,삼호오피스텔,집합,1,16,불일치(등록<실제)
성동구,포스트디자인,서울특별시 성동구 성수동1가 13-207,서울숲AK밸리 지식산업센터,집합,1,84,불일치(등록<실제)
성동구,라미라우리옷,서울특별시 성동구 행당동 233-3, ,일반,,,일반건축물(단일단위)
성동구,피앤피세무회계컨설팅,서울특별시 성동구 송정동 66-196, ,일반,,,일반건축물(단일단위)
성동구,디자인누하,서울특별시 성동구 성수동1가 13-1, ,일반,,,일반건축물(단일단위)
성동구,파스텔드나따,서울특별시 성동구 성수동2가 279-50,성수1차대우아파트,집합,1,19,불일치(등록<실제)
성동구,더디지로그,서울특별시 성동구 성수동1가 656-334,서울숲 M타워,집합,1,51,불일치(등록<실제)
성동구,건강한약국,서울특별시 성동구 도선동 48,한일빌딩,일반,,,일반건축물(단일단위)
성동구,누아흐,서울특별시 성동구 성수동1가 13-117,뚝섬리버빌,집합,1,5,불일치(등록<실제)
성동구,임페리얼골프아카데미,서울특별시 성동구 행당동 147,서울숲삼부아파트,집합,0,14,불일치(등록<실제)
성동구,성수꼬마,서울특별시 성동구 성수동1가 36-7, ,일반,,,일반건축물(단일단위)
성동구,티비디,서울특별시 성동구 성수동1가 16-22, ,일반,,,일반건축물(단일단위)
성동구,한국성과코칭협회,서울특별시 성동구 성수동2가 315-61,성수역 SK V1 tower,집합,1,124,불일치(등록<실제)
성동구,한국석면환경협회,서울특별시 성동구 성수동2가 284-9, ,일반,,,일반건축물(단일단위)
성동구,서울그린트러스트재,서울특별시 성동구 성수동1가 685-217, ,일반,,,일반건축물(단일단위)
성동구,숲생태지도자협회,서울특별시 성동구 성수동1가 656-564, ,일반,,,일반건축물(단일단위)
성동구,한국공공디자인지역지원재단,서울특별시 성동구 행당동 17,한양대학교,일반,,,일반건축물(단일단위)
성동구,에코파티메아리,서울특별시 성동구 성수동2가 280-22, ,일반,,,일반건축물(단일단위)
성동구,한류국제문화교류협회,서울특별시 성동구 행당동 347,주차장((74동),집합,1,28,불일치(등록<실제)
성동구,루트임팩트,서울특별시 성동구 성수동1가 22-8, ,일반,,,일반건축물(단일단위)
성동구,하나패스주,서울특별시 성동구 성수동1가 656-766,개풍빌딩,일반,,,일반건축물(단일단위)
성동구,코코스트레블,서울특별시 성동구 용답동 235-8, ,집합,1,9,불일치(등록<실제)
성동구,아이비즈투어,서울특별시 성동구 도선동 58-1,세신빌딩,일반,,,일반건축물(단일단위)
광진구,프레쉬과일,서울특별시 광진구 중곡동 41-37, ,일반,,,일반건축물(단일단위)
광진구,하이크린,서울특별시 광진구 구의동 225-41, ,일반,,,일반건축물(단일단위)
광진구,썸씽,서울특별시 광진구 중곡동 79-13, ,일반,,,일반건축물(단일단위)
광진구,２H상사,서울특별시 광진구 중곡동 253-31, ,일반,,,일반건축물(단일단위)
광진구,M.nail,서울특별시 광진구 구의동 631-1,현대프라임아파트,일반,,,일반건축물(단일단위)
광진구,원우ENG,서울특별시 광진구 자양동 547-38, ,일반,,,일반건축물(단일단위)
광진구,박사공인중개사,서울특별시 광진구 화양동 119-4, ,일반,,,일반건축물(단일단위)
광진구,세인택스비젼,서울특별시 광진구 중곡동 119-11,고씨중앙종문회 빌딩,일반,,,일반건축물(단일단위)
광진구,명인건축사사무소,서울특별시 광진구 구의동 252-14,성지하이츠,집합,1,36,불일치(등록<실제)
광진구,씨유건대화양점,서울특별시 광진구 화양동 6-2,연한빌딩,집합,1,20,불일치(등록<실제)
광진구,법무사문병식사무소,서울특별시 광진구 군자동 358-9,광진 동양파라곤 2단지,집합,1,45,불일치(등록<실제)
광진구,놀부부대찌개스타시티점,서울특별시 광진구 자양동 227-7,더샵스타시티,집합,1,41,불일치(등록<실제)
광진구,신백구약국,서울특별시 광진구 군자동 363-1, ,일반,,,일반건축물(단일단위)
광진구,삼성부동산공인중개사사무소,서울특별시 광진구 군자동 361-32, ,일반,,,일반건축물(단일단위)
광진구,라운지47,서울특별시 광진구 화양동 47-18, ,일반,,,일반건축물(단일단위)
광진구,시마모텔,서울특별시 광진구 자양동 10-6, ,일반,,,일반건축물(단일단위)
광진구,뺑드램,서울특별시 광진구 자양동 609-6, ,일반,,,일반건축물(단일단위)
광진구,탑공인중개사사무소,서울특별시 광진구 구의동 221-31, ,일반,,,일반건축물(단일단위)
광진구,92도,서울특별시 광진구 능동 221-13, ,집합,1,1,
광진구,대원기숙원,서울특별시 광진구 중곡동 20-2, ,일반,,,일반건축물(단일단위)
광진구,편안탑항공,서울특별시 광진구 화양동 499-1, ,일반,,,일반건축물(단일단위)
광진구,다니스킨,서울특별시 광진구 구의동 31-13, ,일반,,,일반건축물(단일단위)
광진구,네일슈에뜨,서울특별시 광진구 구의동 29-4, ,일반,,,일반건축물(단일단위)
광진구,엠브로돈까스,서울특별시 광진구 구의동 244-50, ,집합,1,8,불일치(등록<실제)
광진구,동서울,서울특별시 광진구 구의동 595, ,일반,,,일반건축물(단일단위)
광진구,초월스터디카페,서울특별시 광진구 중곡동 18-75, ,일반,,,일반건축물(단일단위)
광진구,은혜분식,서울특별시 광진구 군자동 361-25, ,일반,,,일반건축물(단일단위)
광진구,오케이연탄막창구이,서울특별시 광진구 중곡동 38-8, ,일반,,,일반건축물(단일단위)
광진구,롤롤로샵,서울특별시 광진구 화양동 33-40, ,일반,,,일반건축물(단일단위)
광진구,몰디브태닝건대,서울특별시 광진구 화양동 48-5, ,일반,,,일반건축물(단일단위)
광진구,해오름공인중개사사무소,서울특별시 광진구 구의동 219-12, ,일반,,,일반건축물(단일단위)
광진구,메가통신,서울특별시 광진구 구의동 546-4,강변테크노마트,집합,1,500,불일치(등록<실제)
광진구,초입,서울특별시 광진구 화양동 36-59, ,일반,,,일반건축물(단일단위)
광진구,대원할인마트,서울특별시 광진구 중곡동 21-11,토끼빌딩,일반,,,일반건축물(단일단위)
광진구,팡팡,서울특별시 광진구 구의동 593-19, ,일반,,,일반건축물(단일단위)
광진구,파오로,서울특별시 광진구 화양동 7-12, ,일반,,,일반건축물(단일단위)
광진구,선명,서울특별시 광진구 화양동 47-41, ,일반,,,일반건축물(단일단위)
광진구,캠퍼스공인중개사사무소,서울특별시 광진구 화양동 33-56, ,일반,,,일반건축물(단일단위)
동대문구,홈처치스쿨,서울특별시 동대문구 이문동 256-217, ,일반,,,일반건축물(단일단위)
동대문구,장안통증의학과의원,서울특별시 동대문구 장안동 336,장안현대홈타운,집합,1,47,불일치(등록<실제)
동대문구,연필로그리기미술교습소,서울특별시 동대문구 제기동 148-15, ,일반,,,일반건축물(단일단위)
동대문구,시티벨로,서울특별시 동대문구 전농동 103-64, ,일반,,,일반건축물(단일단위)
동대문구,２１세기부동산,서울특별시 동대문구 제기동 1148-18, ,일반,,,일반건축물(단일단위)
동대문구,청소하는고양이,서울특별시 동대문구 답십리동 487-36, ,일반,,,일반건축물(단일단위)
동대문구,용두동동태탕，동태찜,서울특별시 동대문구 용두동 39-728,관일빌딩,일반,,,일반건축물(단일단위)
동대문구,씨유,서울특별시 동대문구 회기동 60-106, ,일반,,,일반건축물(단일단위)
동대문구,신나라신발,서울특별시 동대문구 제기동 122-427, ,일반,,,일반건축물(단일단위)
동대문구,대륙냉동기계,서울특별시 동대문구 용두동 238-166, ,일반,,,일반건축물(단일단위)
동대문구,한우천국,서울특별시 동대문구 장안동 365-8,장안동 365-8 업무시설(영한산업(주)),일반,,,일반건축물(단일단위)
동대문구,상형당한약방,서울특별시 동대문구 제기동 1046-1, ,집합,1,8,불일치(등록<실제)
동대문구,불타는닭갈비,서울특별시 동대문구 회기동 45-76, ,일반,,,일반건축물(단일단위)
동대문구,홍익돈까스,서울특별시 동대문구 휘경동 192-5,000,일반,,,일반건축물(단일단위)
동대문구,계림사진관,서울특별시 동대문구 신설동 103-9, ,일반,,,일반건축물(단일단위)
동대문구,보물창고,서울특별시 동대문구 답십리동 1-91, ,일반,,,일반건축물(단일단위)
동대문구,현대식품,서울특별시 동대문구 제기동 679, ,일반,,,일반건축물(단일단위)
동대문구,만수한약방,서울특별시 동대문구 제기동 1115-9, ,일반,,,일반건축물(단일단위)
동대문구,스페이스스토리,서울특별시 동대문구 장안동 294-7, ,일반,,,일반건축물(단일단위)
동대문구,성수동수제화타운,서울특별시 동대문구 청량리동 40-8, ,일반,,,일반건축물(단일단위)
동대문구,서라수,서울특별시 동대문구 신설동 93-16, ,일반,,,일반건축물(단일단위)
동대문구,씨앤피,서울특별시 동대문구 용두동 39-977, ,일반,,,일반건축물(단일단위)
동대문구,하이모터스무역,서울특별시 동대문구 장안동 164-11, ,일반,,,일반건축물(단일단위)
동대문구,마르하,서울특별시 동대문구 전농동 648-115, ,일반,,,일반건축물(단일단위)
동대문구,스튜디오진,서울특별시 동대문구 용두동 790,롯데캐슬피렌체,집합,1,38,불일치(등록<실제)
동대문구,세무사윤정훈사무소,서울특별시 동대문구 청량리동 323, ,일반,,,일반건축물(단일단위)
동대문구,다이아나투어,서울특별시 동대문구 신설동 76-35, ,집합,1,4,불일치(등록<실제)
동대문구,고대로찌개집,서울특별시 동대문구 제기동 137-68, ,일반,,,일반건축물(단일단위)
동대문구,브라운팩토리,서울특별시 동대문구 신설동 102-12, ,일반,,,일반건축물(단일단위)
동대문구,상상공간,서울특별시 동대문구 휘경동 312-34, ,일반,,,일반건축물(단일단위)
동대문구,금농,서울특별시 동대문구 청량리동 205-838, ,일반,,,일반건축물(단일단위)
동대문구,더커뮤니케이션즈,서울특별시 동대문구 이문동 256-232, ,일반,,,일반건축물(단일단위)
동대문구,예사랑,서울특별시 동대문구 답십리동 530-10, ,집합,1,4,불일치(등록<실제)
동대문구,이앤제이디자인,서울특별시 동대문구 휘경동 308-144,이앤제이빌딩,일반,,,일반건축물(단일단위)
동대문구,연세좋은치과의원,서울특별시 동대문구 장안동 330-2, ,일반,,,일반건축물(단일단위)
동대문구,현대카인테리어,서울특별시 동대문구 장안동 398-12, ,일반,,,일반건축물(단일단위)
중랑구,여우야,서울특별시 중랑구 상봉동 129-3,우도빌딩,일반,,,일반건축물(단일단위)
중랑구,꼬모주얼리,서울특별시 중랑구 신내동 454-4,디딤빌딩,일반,,,일반건축물(단일단위)
중랑구,참맛감자탕,서울특별시 중랑구 상봉동 108-6, ,일반,,,일반건축물(단일단위)
중랑구,늘푸른마트,서울특별시 중랑구 망우동 524-1, ,일반,,,일반건축물(단일단위)
중랑구,굿모닝공인중개사사무소,서울특별시 중랑구 묵동 121-93, ,일반,,,일반건축물(단일단위)
중랑구,아미가모텔,서울특별시 중랑구 면목동 175-47, ,일반,,,일반건축물(단일단위)
중랑구,현대공인중개사사무소,서울특별시 중랑구 면목동 505-20, ,일반,,,일반건축물(단일단위)
중랑구,탑슬라이스,서울특별시 중랑구 면목동 119-14, ,일반,,,일반건축물(단일단위)
중랑구,진주,서울특별시 중랑구 면목동 633-2, ,일반,,,일반건축물(단일단위)
중랑구,대덕특수유리,서울특별시 중랑구 망우동 421-22, ,일반,,,일반건축물(단일단위)
중랑구,엠에스컴퍼니,서울특별시 중랑구 망우동 523-33, ,일반,,,일반건축물(단일단위)
중랑구,행복한한의원,서울특별시 중랑구 묵동 170-1,묵동자이2단지,집합,1,35,불일치(등록<실제)
중랑구,더샘엔터식스,서울특별시 중랑구 상봉동 500,상봉 프레미어스 엠코,집합,1,110,불일치(등록<실제)
중랑구,도그버디,서울특별시 중랑구 망우동 490-20, ,일반,,,일반건축물(단일단위)
중랑구,샤론미용실,서울특별시 중랑구 중화동 323-108, ,일반,,,일반건축물(단일단위)
중랑구,디바인앤블리스,서울특별시 중랑구 면목동 393-113, ,일반,,,일반건축물(단일단위)
중랑구,새나리신발세탁옷수선,서울특별시 중랑구 망우동 147-21, ,일반,,,일반건축물(단일단위)
중랑구,지에스25동부시장,서울특별시 중랑구 면목동 183-24, ,일반,,,일반건축물(단일단위)
중랑구,빠션포토스튜디오,서울특별시 중랑구 상봉동 50-9, ,일반,,,일반건축물(단일단위)
중랑구,라이스쿠킹정담,서울특별시 중랑구 면목동 114-112, ,일반,,,일반건축물(단일단위)
중랑구,우리여행사,서울특별시 중랑구 망우동 516-54, ,일반,,,일반건축물(단일단위)
중랑구,바른케어,서울특별시 중랑구 상봉동 260-1, ,일반,,,일반건축물(단일단위)
중랑구,한두래미용실,서울특별시 중랑구 중화동 314-1,태능시장 주상복합빌딩,집합,1,52,불일치(등록<실제)
중랑구,LSD공조,서울특별시 중랑구 망우동 493-21, ,일반,,,일반건축물(단일단위)
중랑구,조은전자,서울특별시 중랑구 묵동 294-54, ,일반,,,일반건축물(단일단위)
중랑구,영수크린,서울특별시 중랑구 면목동 1077-1,용마한신아파트,집합,1,9,불일치(등록<실제)
중랑구,이마트24중랑진선미,서울특별시 중랑구 중화동 332-98,중화동상가,일반,,,일반건축물(단일단위)
중랑구,남도마을,서울특별시 중랑구 면목동 604-39, ,일반,,,일반건축물(단일단위)
중랑구,세무법인호연,서울특별시 중랑구 상봉동 118-5, ,일반,,,일반건축물(단일단위)
중랑구,트래블존주,서울특별시 중랑구 묵동 396,이편한세상 화랑대,집합,1,14,불일치(등록<실제)
중랑구,에쓰씨오,서울특별시 중랑구 중화동 303-54, ,일반,,,일반건축물(단일단위)
중랑구,에스엔상조,서울특별시 중랑구 면목동 128-48, ,일반,,,일반건축물(단일단위)
중랑구,네일아이디어샵,서울특별시 중랑구 묵동 121-118, ,집합,1,2,불일치(등록<실제)
중랑구,스타,서울특별시 중랑구 상봉동 74-10, ,일반,,,일반건축물(단일단위)
중랑구,콩두,서울특별시 중랑구 상봉동 103, ,일반,,,일반건축물(단일단위)
중랑구,그랜드젬,서울특별시 중랑구 망우동 487-7, ,일반,,,일반건축물(단일단위)
중랑구,라온크린,서울특별시 중랑구 중화동 296-43, ,일반,,,일반건축물(단일단위)
성북구,예성피아노교습소,서울특별시 성북구 길음동 1276,돈암2-1 삼부아파트,집합,1,81,불일치(등록<실제)
성북구,킴스잉글리쉬영어교습소,서울특별시 성북구 정릉동 401-46, ,집합,1,18,불일치(등록<실제)
성북구,자하선인식,서울특별시 성북구 정릉동 882-6, ,일반,,,일반건축물(단일단위)
성북구,대성애드컴,서울특별시 성북구 안암동4가 41-18,운찬빌딩,일반,,,일반건축물(단일단위)
성북구,그래픽시선,서울특별시 성북구 정릉동 109-20, ,일반,,,일반건축물(단일단위)
성북구,이니스프리한성대점,서울특별시 성북구 동소문동1가 23, ,일반,,,일반건축물(단일단위)
성북구,조셉의커피나무,서울특별시 성북구 성북동 350-3, ,일반,,,일반건축물(단일단위)
성북구,샤론미용실,서울특별시 성북구 석관동 320-40, ,일반,,,일반건축물(단일단위)
성북구,샘터,서울특별시 성북구 석관동 268-4, ,일반,,,일반건축물(단일단위)
성북구,성북냉난방,서울특별시 성북구 돈암동 2-2,신우프라자,집합,1,7,불일치(등록<실제)
성북구,사계절보리밥,서울특별시 성북구 정릉동 685-62, ,일반,,,일반건축물(단일단위)
성북구,에어컨설치이전삼성엘지캐리어가스충전중고,서울특별시 성북구 보문동6가 404, ,일반,,,일반건축물(단일단위)
성북구,조개까는총각네,서울특별시 성북구 동소문동5가 56-4, ,일반,,,일반건축물(단일단위)
성북구,두현,서울특별시 성북구 동소문동4가 103-23, ,일반,,,일반건축물(단일단위)
성북구,오투뮤직,서울특별시 성북구 동소문동6가 7-2, ,일반,,,일반건축물(단일단위)
성북구,서우유통,서울특별시 성북구 장위동 319,꿈의숲코오롱하늘채,집합,1,31,불일치(등록<실제)
성북구,선양,서울특별시 성북구 장위동 231-325, ,집합,1,2,불일치(등록<실제)
성북구,꿀꿀이생일날,서울특별시 성북구 정릉동 350-10, ,일반,,,일반건축물(단일단위)
성북구,세무회계티원,서울특별시 성북구 상월곡동 24-55, ,일반,,,일반건축물(단일단위)
성북구,두오건축사사무소,서울특별시 성북구 성북동1가 118-3,영재빌딩,일반,,,일반건축물(단일단위)
성북구,아이엠,서울특별시 성북구 하월곡동 70-2, ,일반,,,일반건축물(단일단위)
성북구,향나무국수집,서울특별시 성북구 정릉동 649-14, ,일반,,,일반건축물(단일단위)
성북구,제이스,서울특별시 성북구 성북동 350-17, ,일반,,,일반건축물(단일단위)
성북구,테이블담소,서울특별시 성북구 동선동2가 135-24, ,일반,,,일반건축물(단일단위)
성북구,인테리어프라자,서울특별시 성북구 종암동 3, ,일반,,,일반건축물(단일단위)
성북구,커피로스팅하우스,서울특별시 성북구 장위동 233-34, ,일반,,,일반건축물(단일단위)
성북구,에디스아미,서울특별시 성북구 보문동2가 71, ,일반,,,일반건축물(단일단위)
성북구,대동철물,서울특별시 성북구 보문동6가 177-1, ,일반,,,일반건축물(단일단위)
성북구,자이공인중개사사무소,서울특별시 성북구 보문동6가 41-1, ,일반,,,일반건축물(단일단위)
성북구,칼리앤캣,서울특별시 성북구 성북동 330-312, ,일반,,,일반건축물(단일단위)
성북구,아모레카운셀러,서울특별시 성북구 삼선동5가 334, ,일반,,,일반건축물(단일단위)
성북구,밝은내일유학,서울특별시 성북구 돈암동 644,돈암코오롱하늘채,집합,1,15,불일치(등록<실제)
성북구,씨유성북보문점,서울특별시 성북구 보문동5가 72, ,일반,,,일반건축물(단일단위)
성북구,새봄약국,서울특별시 성북구 보문동4가 8,화성빌딩,일반,,,일반건축물(단일단위)
성북구,89번가,서울특별시 성북구 동선동2가 2-5, ,일반,,,일반건축물(단일단위)
성북구,반디트라소라틴커뮤니케이션,서울특별시 성북구 성북동 132-3, ,일반,,,일반건축물(단일단위)
강북구,근이네야채가게,서울특별시 강북구 미아동 301-62, ,일반,,,일반건축물(단일단위)
강북구,리안헤어미아,서울특별시 강북구 미아동 58, ,일반,,,일반건축물(단일단위)
강북구,케이마트,서울특별시 강북구 미아동 310-5,캠프더블루빌딩,일반,,,일반건축물(단일단위)
강북구,프라자안경,서울특별시 강북구 수유동 63,"삼호아파트, 수유프라자",집합,1,20,불일치(등록<실제)
강북구,에스비정보통신,서울특별시 강북구 수유동 172-148, ,일반,,,일반건축물(단일단위)
강북구,여래사,서울특별시 강북구 수유동 410-181, ,일반,,,일반건축물(단일단위)
강북구,국선도수유수련원,서울특별시 강북구 수유동 468-235,샤이어빌,집합,1,1,
강북구,미인만들기,서울특별시 강북구 미아동 126-12, ,일반,,,일반건축물(단일단위)
강북구,우리순대국,서울특별시 강북구 우이동 49-15, ,일반,,,일반건축물(단일단위)
강북구,준이네,서울특별시 강북구 미아동 1353,에스케이북한산시티아파트,집합,1,46,불일치(등록<실제)
강북구,찰떡궁합,서울특별시 강북구 수유동 175-61, ,일반,,,일반건축물(단일단위)
강북구,참행복한집,서울특별시 강북구 수유동 280-38, ,일반,,,일반건축물(단일단위)
강북구,비코바스,서울특별시 강북구 수유동 179-8, ,일반,,,일반건축물(단일단위)
강북구,시골닭발,서울특별시 강북구 수유동 221-21, ,일반,,,일반건축물(단일단위)
강북구,행복한새참,서울특별시 강북구 미아동 1353-5,에스케이 북한산시티아파트,집합,1,30,불일치(등록<실제)
강북구,썸,서울특별시 강북구 미아동 44-30, ,일반,,,일반건축물(단일단위)
강북구,도누가,서울특별시 강북구 미아동 301-17, ,일반,,,일반건축물(단일단위)
강북구,엉클로,서울특별시 강북구 수유동 252-164, ,일반,,,일반건축물(단일단위)
강북구,헤어핀,서울특별시 강북구 미아동 3-31, ,일반,,,일반건축물(단일단위)
강북구,제뉴인에이디컴퍼니,서울특별시 강북구 수유동 176-65, ,일반,,,일반건축물(단일단위)
강북구,이마트24번동,서울특별시 강북구 번동 471-14, ,일반,,,일반건축물(단일단위)
강북구,수다방,서울특별시 강북구 번동 465-84,파라다이스,일반,,,일반건축물(단일단위)
강북구,라인컴퍼니,서울특별시 강북구 미아동 215-50, ,일반,,,일반건축물(단일단위)
강북구,동일복원,서울특별시 강북구 번동 437-2, ,일반,,,일반건축물(단일단위)
강북구,명선감자탕,서울특별시 강북구 우이동 7-2, ,일반,,,일반건축물(단일단위)
강북구,장충동이가네족발,서울특별시 강북구 수유동 176-25, ,일반,,,일반건축물(단일단위)
강북구,요가힐엔필라테스,서울특별시 강북구 미아동 838-4, ,일반,,,일반건축물(단일단위)
강북구,&헤어,서울특별시 강북구 미아동 833-36, ,일반,,,일반건축물(단일단위)
강북구,크로스로드,서울특별시 강북구 미아동 310-40, ,일반,,,일반건축물(단일단위)
강북구,산아래,서울특별시 강북구 우이동 217-1, ,일반,,,일반건축물(단일단위)
강북구,연합시설관리주,서울특별시 강북구 번동 446-13,가든타워오피스텔,집합,1,112,불일치(등록<실제)
강북구,아이콤잉글리쉬주,서울특별시 강북구 수유동 359-54, ,일반,,,일반건축물(단일단위)
강북구,레드투어주,서울특별시 강북구 미아동 439-236, ,일반,,,일반건축물(단일단위)
강북구,드림드림사회적협동조합,서울특별시 강북구 미아동 127-7, ,일반,,,일반건축물(단일단위)
강북구,주번,서울특별시 강북구 미아동 637-13, ,일반,,,일반건축물(단일단위)
강북구,미소탑항공,서울특별시 강북구 미아동 228-35, ,일반,,,일반건축물(단일단위)
강북구,아이마코,서울특별시 강북구 수유동 189-1, ,일반,,,일반건축물(단일단위)
도봉구,백장미댄스,서울특별시 도봉구 창동 5-1,KING 프라자,집합,1,25,불일치(등록<실제)
도봉구,놀자학교,서울특별시 도봉구 쌍문동 309-5, ,일반,,,일반건축물(단일단위)
도봉구,도도코스메틱,서울특별시 도봉구 쌍문동 503-47, ,일반,,,일반건축물(단일단위)
도봉구,오드리햅번,서울특별시 도봉구 창동 562-6, ,일반,,,일반건축물(단일단위)
도봉구,대우공인중개사사무소,서울특별시 도봉구 쌍문동 315-352, ,일반,,,일반건축물(단일단위)
도봉구,야호노래마을,서울특별시 도봉구 도봉동 556-19, ,일반,,,일반건축물(단일단위)
도봉구,한국지엠창동지정서비스,서울특별시 도봉구 창동 700-21, ,일반,,,일반건축물(단일단위)
도봉구,엑스포드,서울특별시 도봉구 창동 1-10, ,일반,,,일반건축물(단일단위)
도봉구,뷰티스토리,서울특별시 도봉구 창동 812,창동현대타운,집합,0,15,불일치(등록<실제)
도봉구,가린나무,서울특별시 도봉구 쌍문동 25-74, ,일반,,,일반건축물(단일단위)
도봉구,창업성공쏘스,서울특별시 도봉구 창동 16, ,일반,,,일반건축물(단일단위)
도봉구,썬더치킨도봉,서울특별시 도봉구 방학동 719-3,렉시온프라자,집합,1,16,불일치(등록<실제)
도봉구,하나로유통,서울특별시 도봉구 창동 661-32, ,일반,,,일반건축물(단일단위)
도봉구,쿨가이남성컷트,서울특별시 도봉구 창동 808,동아청솔아파트,집합,1,23,불일치(등록<실제)
도봉구,황실당구장,서울특별시 도봉구 방학동 672, ,일반,,,일반건축물(단일단위)
도봉구,미스터부엌,서울특별시 도봉구 창동 263-8, ,일반,,,일반건축물(단일단위)
도봉구,도봉가브리엘,서울특별시 도봉구 창동 443-6, ,일반,,,일반건축물(단일단위)
도봉구,대한해물찜탕,서울특별시 도봉구 창동 659-31, ,일반,,,일반건축물(단일단위)
도봉구,플로라드베일리,서울특별시 도봉구 창동 601-32, ,일반,,,일반건축물(단일단위)
도봉구,코너스톤티엠에스,서울특별시 도봉구 도봉동 623-77, ,일반,,,일반건축물(단일단위)
도봉구,타이거앤텔레콤,서울특별시 도봉구 창동 10, ,집합,1,23,불일치(등록<실제)
도봉구,빛과사람들주,서울특별시 도봉구 도봉동 286-25, ,일반,,,일반건축물(단일단위)
도봉구,해동투어주,서울특별시 도봉구 도봉동 629-6, ,집합,1,19,불일치(등록<실제)
도봉구,써브웨이,서울특별시 도봉구 창동 655-20,이화홍일빌딩,일반,,,일반건축물(단일단위)
도봉구,올리브네일,서울특별시 도봉구 창동 807,쌍용아파트,집합,1,17,불일치(등록<실제)
도봉구,진,서울특별시 도봉구 방학동 633-23, ,일반,,,일반건축물(단일단위)
도봉구,통큰노가리,서울특별시 도봉구 도봉동 624-54, ,일반,,,일반건축물(단일단위)
도봉구,황금돼지생삼겹살,서울특별시 도봉구 쌍문동 80-49, ,일반,,,일반건축물(단일단위)
도봉구,라라헤어,서울특별시 도봉구 쌍문동 31-42, ,집합,1,1,
도봉구,제일지물장식,서울특별시 도봉구 창동 810,신창아파트,집합,1,9,불일치(등록<실제)
도봉구,경순이네야채과일,서울특별시 도봉구 창동 569-11, ,일반,,,일반건축물(단일단위)
도봉구,이장군왕족발,서울특별시 도봉구 창동 749-16,한독패밀리타운,일반,,,일반건축물(단일단위)
도봉구,알레마나,서울특별시 도봉구 창동 5, ,집합,1,26,불일치(등록<실제)
도봉구,솥뚜껑삼겹살,서울특별시 도봉구 방학동 703-59, ,일반,,,일반건축물(단일단위)
도봉구,김선주미장원,서울특별시 도봉구 쌍문동 291-9,청담하이빌,집합,1,1,
도봉구,알콜프리쇼핑,서울특별시 도봉구 방학동 690-18, ,일반,,,일반건축물(단일단위)
도봉구,봉평메밀막국수,서울특별시 도봉구 도봉동 282-309,도봉 도시형생활주택,일반,,,일반건축물(단일단위)
노원구,태릉정원내과의원,서울특별시 노원구 공릉동 597-17,대정빌딩,일반,,,일반건축물(단일단위)
노원구,하늘이네,서울특별시 노원구 상계동 746-5,상계주공아파트,집합,1,15,불일치(등록<실제)
노원구,공릉성모마취통증의학과의원,서울특별시 노원구 공릉동 408-6,공릉동 대상빌딩,일반,,,일반건축물(단일단위)
노원구,착한생오리,서울특별시 노원구 상계동 169-14, ,일반,,,일반건축물(단일단위)
노원구,무궁화약국,서울특별시 노원구 하계동 283, ,일반,,,일반건축물(단일단위)
노원구,해촌칼국수,서울특별시 노원구 공릉동 388-4, ,일반,,,일반건축물(단일단위)
노원구,상아온누리약국,서울특별시 노원구 상계동 731-3, ,집합,1,16,불일치(등록<실제)
노원구,부동산뱅크,서울특별시 노원구 하계동 251,하계1차청구아파트,집합,1,14,불일치(등록<실제)
노원구,피오레,서울특별시 노원구 중계동 509-1,씨앤미,집합,0,111,불일치(등록<실제)
노원구,땡초집,서울특별시 노원구 공릉동 379-4, ,집합,1,6,불일치(등록<실제)
노원구,포토클럽,서울특별시 노원구 상계동 393-32, ,일반,,,일반건축물(단일단위)
노원구,중계탁구클럽교실,서울특별시 노원구 중계동 450, ,일반,,,일반건축물(단일단위)
노원구,ey,서울특별시 노원구 상계동 450,교림노원프라자,집합,1,48,불일치(등록<실제)
노원구,둘둘치킨,서울특별시 노원구 월계동 58-2, ,일반,,,일반건축물(단일단위)
노원구,천수한방삼계탕,서울특별시 노원구 상계동 1132-66, ,일반,,,일반건축물(단일단위)
노원구,가장맛있는족발,서울특별시 노원구 공릉동 392-2,송암빌딩,일반,,,일반건축물(단일단위)
노원구,건축사사무소이지,서울특별시 노원구 하계동 167-7, ,일반,,,일반건축물(단일단위)
노원구,동식이네해물짬뽕,서울특별시 노원구 상계동 1019-83, ,일반,,,일반건축물(단일단위)
노원구,삼성공인중개사사무소,서울특별시 노원구 상계동 581-6, ,집합,1,36,불일치(등록<실제)
노원구,상상이상,서울특별시 노원구 월계동 635-4,그랑디오피스텔,집합,1,18,불일치(등록<실제)
노원구,하늘체한의원,서울특별시 노원구 상계동 711-12,디와이홀딩스(주)빌딩,집합,1,12,불일치(등록<실제)
노원구,가자발리,서울특별시 노원구 상계동 1285,동아불암아파트,집합,1,30,불일치(등록<실제)
노원구,봉구스밥버거,서울특별시 노원구 중계동 360-12,새롬스타빌,집합,1,9,불일치(등록<실제)
노원구,원조멸치국수,서울특별시 노원구 상계동 624,상계주공아파트,집합,1,28,불일치(등록<실제)
노원구,엔에이치씨서울중앙센터,서울특별시 노원구 상계동 1389-8, ,일반,,,일반건축물(단일단위)
노원구,파리바게뜨상계백,서울특별시 노원구 상계동 749-5,상계주공아파트,집합,1,15,불일치(등록<실제)
노원구,폰폰폰,서울특별시 노원구 중계동 137-39,정진아트리움,집합,1,7,불일치(등록<실제)
노원구,피트니스씨씨,서울특별시 노원구 공릉동 238-48, ,일반,,,일반건축물(단일단위)
노원구,창조인테리어철거,서울특별시 노원구 상계동 176-59, ,일반,,,일반건축물(단일단위)
노원구,커브스중계은행클럽,서울특별시 노원구 중계동 360-2,청구아파트,집합,1,28,불일치(등록<실제)
노원구,로뎀나무어닝,서울특별시 노원구 공릉동 412-7, ,일반,,,일반건축물(단일단위)
노원구,제과,서울특별시 노원구 공릉동 577-12, ,일반,,,일반건축물(단일단위)
노원구,대명기업,서울특별시 노원구 상계동 169-169, ,일반,,,일반건축물(단일단위)
노원구,모바면가,서울특별시 노원구 상계동 593-2, ,일반,,,일반건축물(단일단위)
은평구,플라톤아카데미불광독서논술교습소,서울특별시 은평구 불광동 601-3, ,일반,,,일반건축물(단일단위)
은평구,성모튼튼신경외과의원,서울특별시 은평구 진관동 69,SW/메디컬,일반,,,일반건축물(단일단위)
은평구,은하수공인중개사사무소,서울특별시 은평구 진관동 107,은평뉴타운 마고정,집합,1,15,불일치(등록<실제)
은평구,거북사,서울특별시 은평구 신사동 8-18, ,일반,,,일반건축물(단일단위)
은평구,하나로인테리어,서울특별시 은평구 신사동 10-1, ,집합,1,1,
은평구,산사랑민속주점,서울특별시 은평구 진관동 277-17,북한산성상가,집합,1,24,불일치(등록<실제)
은평구,맥스휘트니스,서울특별시 은평구 신사동 7-4, ,일반,,,일반건축물(단일단위)
은평구,보물찾기,서울특별시 은평구 녹번동 43-42, ,일반,,,일반건축물(단일단위)
은평구,YS피아노,서울특별시 은평구 구산동 11-51,동양 퍼스트빌,집합,1,1,
은평구,Mr.깡,서울특별시 은평구 신사동 2-19, ,일반,,,일반건축물(단일단위)
은평구,제이분식,서울특별시 은평구 역촌동 17-324, ,일반,,,일반건축물(단일단위)
은평구,연건축사사무소,서울특별시 은평구 녹번동 144-59, ,일반,,,일반건축물(단일단위)
은평구,종로공예,서울특별시 은평구 응암동 250-66, ,일반,,,일반건축물(단일단위)
은평구,김정훈세무사사무소,서울특별시 은평구 응암동 84-1,서운빌딩,일반,,,일반건축물(단일단위)
은평구,바다생각,서울특별시 은평구 갈현동 430-17, ,일반,,,일반건축물(단일단위)
은평구,금강공인중개사사무소,서울특별시 은평구 불광동 367-18, ,일반,,,일반건축물(단일단위)
은평구,한국물산,서울특별시 은평구 응암동 752-20,해성빌딩,일반,,,일반건축물(단일단위)
은평구,드림공인중개사사무소,서울특별시 은평구 불광동 268-6, ,집합,1,2,불일치(등록<실제)
은평구,낙원악기,서울특별시 은평구 역촌동 48-2, ,일반,,,일반건축물(단일단위)
은평구,운동화손세탁슈슈,서울특별시 은평구 구산동 363-9, ,일반,,,일반건축물(단일단위)
은평구,AHLA호텔경영연구소,서울특별시 은평구 녹번동 73-3, ,일반,,,일반건축물(단일단위)
은평구,보물찾기,서울특별시 은평구 증산동 189-27, ,일반,,,일반건축물(단일단위)
은평구,이김순두부,서울특별시 은평구 응암동 88-23, ,일반,,,일반건축물(단일단위)
은평구,바로굼빵터,서울특별시 은평구 구산동 202-2, ,일반,,,일반건축물(단일단위)
은평구,제일상사,서울특별시 은평구 갈현동 519-3,라비앙로즈,집합,1,1,
은평구,신광공인중개사사무소,서울특별시 은평구 응암동 120-47, ,일반,,,일반건축물(단일단위)
은평구,주희쥬얼리,서울특별시 은평구 응암동 589-38, ,일반,,,일반건축물(단일단위)
은평구,유소사,서울특별시 은평구 갈현동 452-8, ,일반,,,일반건축물(단일단위)
은평구,맛지고,서울특별시 은평구 응암동 592-34, ,일반,,,일반건축물(단일단위)
은평구,경희공인중개사사무소,서울특별시 은평구 응암동 167-2,다베로,집합,0,1,불일치(등록<실제)
은평구,트러스트원,서울특별시 은평구 응암동 335-18, ,일반,,,일반건축물(단일단위)
은평구,봄날,서울특별시 은평구 불광동 281-55, ,일반,,,일반건축물(단일단위)
은평구,피디에프,서울특별시 은평구 신사동 12-28, ,집합,1,1,
은평구,큰사랑온누리약국,서울특별시 은평구 구산동 2-36, ,일반,,,일반건축물(단일단위)
서대문구,경희궁삼성마취통증의학과의원,서울특별시 서대문구 충정로2가 2-2,학교법인이화학당,일반,,,일반건축물(단일단위)
서대문구,일이구원룸,서울특별시 서대문구 신촌동 1-129, ,일반,,,일반건축물(단일단위)
서대문구,푸영어교습소,서울특별시 서대문구 홍은동 37-3, ,일반,,,일반건축물(단일단위)
서대문구,조이스,서울특별시 서대문구 대현동 56-45, ,일반,,,일반건축물(단일단위)
서대문구,처가집,서울특별시 서대문구 홍제동 330-78, ,일반,,,일반건축물(단일단위)
서대문구,알파열쇠,서울특별시 서대문구 현저동 200,독립문극동아파트,집합,1,23,불일치(등록<실제)
서대문구,삼호설비,서울특별시 서대문구 북아현동 1-511, ,일반,,,일반건축물(단일단위)
서대문구,우리동네포차,서울특별시 서대문구 홍제동 102-3, ,집합,1,1,
서대문구,인더라인북,서울특별시 서대문구 북가좌동 418-22,한울뉴타운아파트,집합,1,2,불일치(등록<실제)
서대문구,가케하시,서울특별시 서대문구 창천동 53-11, ,일반,,,일반건축물(단일단위)
서대문구,파리바게뜨,서울특별시 서대문구 남가좌동 341-10, ,일반,,,일반건축물(단일단위)
서대문구,뉴욕스탠다드,서울특별시 서대문구 연희동 92-18, ,일반,,,일반건축물(단일단위)
서대문구,해피돈,서울특별시 서대문구 북아현동 1-521, ,일반,,,일반건축물(단일단위)
서대문구,홍제떡집,서울특별시 서대문구 홍제동 174-21, ,일반,,,일반건축물(단일단위)
서대문구,리앙헤어커뮤니티,서울특별시 서대문구 북가좌동 294-16, ,일반,,,일반건축물(단일단위)
서대문구,재영공인중개사사무소,서울특별시 서대문구 북가좌동 282-25, ,일반,,,일반건축물(단일단위)
서대문구,굿모닝할인항공권,서울특별시 서대문구 충정로2가 191,유원골든타워오피스텔,집합,1,66,불일치(등록<실제)
서대문구,DNA－이예건축사사무소,서울특별시 서대문구 홍은동 48-249, ,일반,,,일반건축물(단일단위)
서대문구,광명공인중개사,서울특별시 서대문구 홍은동 48-159, ,일반,,,일반건축물(단일단위)
서대문구,대학약국,서울특별시 서대문구 창천동 52-3, ,일반,,,일반건축물(단일단위)
서대문구,타워애드,서울특별시 서대문구 창천동 503-8, ,일반,,,일반건축물(단일단위)
서대문구,돈의문센트레빌공인중개사사무소,서울특별시 서대문구 냉천동 160-2, ,일반,,,일반건축물(단일단위)
서대문구,휴트래블,서울특별시 서대문구 홍제동 474,홍제역 해링턴플레이스,집합,1,32,불일치(등록<실제)
서대문구,떡방궁중명가,서울특별시 서대문구 남가좌동 381,DMC센트레빌,집합,1,26,불일치(등록<실제)
서대문구,무교동낙지골,서울특별시 서대문구 창천동 29-61, ,일반,,,일반건축물(단일단위)
서대문구,신현무관,서울특별시 서대문구 충정로3가 30-8, ,일반,,,일반건축물(단일단위)
서대문구,연대북문우리집,서울특별시 서대문구 연희동 75-18,럭스하우스,집합,1,2,불일치(등록<실제)
서대문구,굿모닝의료기,서울특별시 서대문구 냉천동 194, ,일반,,,일반건축물(단일단위)
서대문구,엔디미온,서울특별시 서대문구 창천동 62-37, ,일반,,,일반건축물(단일단위)
서대문구,모디돌,서울특별시 서대문구 남가좌동 332-6, ,일반,,,일반건축물(단일단위)
서대문구,애창노래방,서울특별시 서대문구 홍은동 427-4, ,일반,,,일반건축물(단일단위)
서대문구,뉴트럴애스펙트,서울특별시 서대문구 연희동 190-14, ,일반,,,일반건축물(단일단위)
서대문구,위드엘,서울특별시 서대문구 홍제동 131-10, ,일반,,,일반건축물(단일단위)
서대문구,디자인연구소이선건축사사무소,서울특별시 서대문구 영천동 325, ,집합,1,11,불일치(등록<실제)
서대문구,보엘,서울특별시 서대문구 연희동 128-25,소통 라이브러ㅣ,일반,,,일반건축물(단일단위)
서대문구,신도토탈사무기,서울특별시 서대문구 대신동 125-5, ,일반,,,일반건축물(단일단위)
서대문구,시크잇,서울특별시 서대문구 북아현동 3-39, ,일반,,,일반건축물(단일단위)
서대문구,테리맘스키친,서울특별시 서대문구 홍은동 48-162, ,일반,,,일반건축물(단일단위)
서대문구,두드림드럼,서울특별시 서대문구 냉천동 42-2, ,일반,,,일반건축물(단일단위)
서대문구,프라임가발헤어,서울특별시 서대문구 홍은동 439-1,홍은 동아 더 프라임,집합,1,9,불일치(등록<실제)
마포구,성모탑정형외과의원,서울특별시 마포구 도화동 544,고려빌딩,집합,1,79,불일치(등록<실제)
마포구,마포청과,서울특별시 마포구 마포동 188-1, ,일반,,,일반건축물(단일단위)
마포구,곰두리여행,서울특별시 마포구 상암동 1640,마포창업복지관,일반,,,일반건축물(단일단위)
마포구,뉴월드유학센타,서울특별시 마포구 동교동 146-8,한국특허기술진흥원빌딩,일반,,,일반건축물(단일단위)
마포구,라이브필,서울특별시 마포구 용강동 26-4, ,일반,,,일반건축물(단일단위)
마포구,즐거운포차,서울특별시 마포구 망원동 394-111, ,일반,,,일반건축물(단일단위)
마포구,119컴퓨터,서울특별시 마포구 공덕동 22-8, ,일반,,,일반건축물(단일단위)
마포구,법무사김기동사무소,서울특별시 마포구 공덕동 456,한국사회복지회관 르네상스타워,집합,1,148,불일치(등록<실제)
마포구,김형민세무회계사무소,서울특별시 마포구 서교동 358-35,다열어빌딩,일반,,,일반건축물(단일단위)
마포구,모비티,서울특별시 마포구 공덕동 479,공덕 SK 리더스뷰,집합,1,0,
마포구,파마트엘지약국,서울특별시 마포구 동교동 165-8,LG팰리스빌딩,집합,1,193,불일치(등록<실제)
마포구,C&PBizSolution,서울특별시 마포구 성산동 56-1,씨에스타워,일반,,,일반건축물(단일단위)
마포구,에스지디자인,서울특별시 마포구 서교동 351-21, ,일반,,,일반건축물(단일단위)
마포구,해오름약국,서울특별시 마포구 용강동 494-26, ,일반,,,일반건축물(단일단위)
마포구,더피드,서울특별시 마포구 창전동 6-137, ,일반,,,일반건축물(단일단위)
마포구,쁠랑풀리,서울특별시 마포구 연남동 487-32, ,일반,,,일반건축물(단일단위)
마포구,앤드,서울특별시 마포구 합정동 444-11, ,일반,,,일반건축물(단일단위)
마포구,소셜이노베이션그룹,서울특별시 마포구 성산동 226-1, ,일반,,,일반건축물(단일단위)
마포구,힐링,서울특별시 마포구 공덕동 256-13,제일빌딩,집합,1,83,불일치(등록<실제)
마포구,크리에이티브아이디,서울특별시 마포구 망원동 456-24, ,일반,,,일반건축물(단일단위)
마포구,세상속으로가는요가원，책들,서울특별시 마포구 도화동 25-13,효성 해링턴 스퀘어,일반,,,일반건축물(단일단위)
마포구,케이투상암월드컵,서울특별시 마포구 성산동 515,샤워장,일반,,,일반건축물(단일단위)
마포구,이유투어즈,서울특별시 마포구 노고산동 31-90,신촌르·메이에르타운(Ⅱ),집합,1,34,불일치(등록<실제)
마포구,TheMonoCo.,서울특별시 마포구 망원동 471-2,프리마빌딩,일반,,,일반건축물(단일단위)
마포구,세무사김운룡사무소,서울특별시 마포구 공덕동 463,마포현대하이엘,집합,1,69,불일치(등록<실제)
마포구,여명,서울특별시 마포구 도화동 181-2, ,일반,,,일반건축물(단일단위)
마포구,마음여행센터,서울특별시 마포구 대흥동 12-27,이대역 푸르지오 시티,집합,1,37,불일치(등록<실제)
마포구,두루화랑,서울특별시 마포구 상수동 354-13,알에스디티,일반,,,일반건축물(단일단위)
마포구,해피스토리,서울특별시 마포구 성산동 157-3, ,일반,,,일반건축물(단일단위)
마포구,홍익요가연구원,서울특별시 마포구 동교동 183-12, ,일반,,,일반건축물(단일단위)
마포구,쟈스민헤어,서울특별시 마포구 연남동 565-15,지남빌딩,일반,,,일반건축물(단일단위)
마포구,에이플랜건축사사무소,서울특별시 마포구 도화동 37,진도빌딩,집합,1,36,불일치(등록<실제)
마포구,인더월드,서울특별시 마포구 동교동 200-29,동진빌딩,일반,,,일반건축물(단일단위)
양천구,남플란트치과의원,서울특별시 양천구 신정동 1183-5, ,일반,,,일반건축물(단일단위)
양천구,신월닭집,서울특별시 양천구 신월동 179-11, ,일반,,,일반건축물(단일단위)
양천구,트윈빌세탁소,서울특별시 양천구 목동 905-22,목동트윈빌,집합,1,57,불일치(등록<실제)
양천구,디지부성,서울특별시 양천구 신정동 89-100, ,일반,,,일반건축물(단일단위)
양천구,참다랑,서울특별시 양천구 목동 923-15,목동 굿모닝탑,집합,1,14,불일치(등록<실제)
양천구,아름다운사람들,서울특별시 양천구 신정동 969-1, ,일반,,,일반건축물(단일단위)
양천구,요리왕,서울특별시 양천구 신정동 294-58, ,일반,,,일반건축물(단일단위)
양천구,신월,서울특별시 양천구 신월동 549-1, ,일반,,,일반건축물(단일단위)
양천구,떡볶이참잘하는집떡참양천,서울특별시 양천구 신정동 974-1, ,일반,,,일반건축물(단일단위)
양천구,정인법무사사무소,서울특별시 양천구 신정동 1013-4,성배법조빌딩,집합,1,30,불일치(등록<실제)
양천구,컴퓨터수리,서울특별시 양천구 목동 734-15, ,일반,,,일반건축물(단일단위)
양천구,아뜰리에블루멘달,서울특별시 양천구 신정동 1008-11,아르떼빌딩,집합,1,4,불일치(등록<실제)
양천구,와커치킨,서울특별시 양천구 신정동 296-168, ,일반,,,일반건축물(단일단위)
양천구,개성식당,서울특별시 양천구 목동 799-7, ,일반,,,일반건축물(단일단위)
양천구,제이드커피,서울특별시 양천구 신정동 1014-5,SM엘루이아파트,집합,1,8,불일치(등록<실제)
양천구,이은뷰티,서울특별시 양천구 목동 795-1, ,일반,,,일반건축물(단일단위)
양천구,한얼족발,서울특별시 양천구 목동 527-3, ,일반,,,일반건축물(단일단위)
양천구,대성종합주방,서울특별시 양천구 신정동 935-4, ,일반,,,일반건축물(단일단위)
양천구,김밥수니목동,서울특별시 양천구 신정동 1325,목동파크자이,집합,1,20,불일치(등록<실제)
양천구,웹툰마스터디자인스튜디오,서울특별시 양천구 목동 199-70, ,일반,,,일반건축물(단일단위)
양천구,큰맘할매순대국곰달래,서울특별시 양천구 신월동 228-1, ,일반,,,일반건축물(단일단위)
양천구,더크리홍보,서울특별시 양천구 목동 923-14,현대드림타워,집합,1,92,불일치(등록<실제)
양천구,매경부동산개발관광주,서울특별시 양천구 신정동 1190-1, ,일반,,,일반건축물(단일단위)
양천구,동천피앤씨,서울특별시 양천구 목동 917-9,현대41타워,집합,1,230,불일치(등록<실제)
양천구,십팔기보존회,서울특별시 양천구 목동 805-1, ,일반,,,일반건축물(단일단위)
양천구,대한산부인과내분비학회,서울특별시 양천구 목동 911-1,이대목동병원,일반,,,일반건축물(단일단위)
양천구,세계문화진흥협회,서울특별시 양천구 신정동 769-9, ,일반,,,일반건축물(단일단위)
양천구,유일코스,서울특별시 양천구 목동 730-7, ,일반,,,일반건축물(단일단위)
양천구,한국문화예술사업단,서울특별시 양천구 목동 923-6,대한민국예술인센터,일반,,,일반건축물(단일단위)
양천구,목동최쌤하연과학교습소,서울특별시 양천구 신정동 318-5,황금 프라자,집합,1,35,불일치(등록<실제)
양천구,LH상사,서울특별시 양천구 목동 324-74, ,일반,,,일반건축물(단일단위)
양천구,티눈,서울특별시 양천구 신정동 999-10, ,일반,,,일반건축물(단일단위)
양천구,조개천하,서울특별시 양천구 신정동 905-2, ,집합,1,10,불일치(등록<실제)
양천구,색이랑아이랑,서울특별시 양천구 목동 734-17, ,일반,,,일반건축물(단일단위)
양천구,페리카나치킨,서울특별시 양천구 목동 772-12, ,일반,,,일반건축물(단일단위)
양천구,시연헤어살롱,서울특별시 양천구 신정동 1021-9, ,집합,1,40,불일치(등록<실제)
강서구,가양성모내과의원,서울특별시 강서구 등촌동 628-6,영 스퀘어,일반,,,일반건축물(단일단위)
강서구,감자와눈사람여성의원,서울특별시 강서구 마곡동 759-2,웰튼메디플렉스,일반,,,일반건축물(단일단위)
강서구,강서척정형외과,서울특별시 강서구 화곡동 998-9,원풍빌딩,일반,,,일반건축물(단일단위)
강서구,네오건축사사무소,서울특별시 강서구 방화동 830-2,하이포트,집합,1,22,불일치(등록<실제)
강서구,김밥천국,서울특별시 강서구 화곡동 1122-4, ,집합,1,8,불일치(등록<실제)
강서구,휴먼빌공인중개사사무소,서울특별시 강서구 가양동 1479-9,휴먼빌,집합,1,11,불일치(등록<실제)
강서구,유안나미용실,서울특별시 강서구 방화동 596-55, ,일반,,,일반건축물(단일단위)
강서구,풍미식당,서울특별시 강서구 화곡동 797-3, ,일반,,,일반건축물(단일단위)
강서구,쭈꾸미마을,서울특별시 강서구 방화동 451-8, ,일반,,,일반건축물(단일단위)
강서구,개화스크린골프,서울특별시 강서구 방화동 487-12, ,일반,,,일반건축물(단일단위)
강서구,대한투어몰,서울특별시 강서구 방화동 453-45, ,일반,,,일반건축물(단일단위)
강서구,비앤비,서울특별시 강서구 화곡동 798-4,화곡동주상복합건물,일반,,,일반건축물(단일단위)
강서구,남도복국점,서울특별시 강서구 마곡동 760,마곡나루역보타닉푸르지오시티,집합,1,99,불일치(등록<실제)
강서구,가람누리,서울특별시 강서구 화곡동 397-31, ,집합,1,1,
강서구,오름산장&트레킹,서울특별시 강서구 마곡동 757-3,마곡나루역 보타닉 비즈타워,집합,1,105,불일치(등록<실제)
강서구,다이아교류중심,서울특별시 강서구 마곡동 794,문영비즈웍스,집합,1,39,불일치(등록<실제)
강서구,택스인세무회계,서울특별시 강서구 등촌동 698-1, ,집합,1,54,불일치(등록<실제)
강서구,본동당구장,서울특별시 강서구 화곡동 70-58, ,일반,,,일반건축물(단일단위)
강서구,덕우왕맥주,서울특별시 강서구 마곡동 795-5,마곡사이언스파크뷰,집합,1,31,불일치(등록<실제)
강서구,다혜구제,서울특별시 강서구 화곡동 801-17, ,일반,,,일반건축물(단일단위)
강서구,커피아리아,서울특별시 강서구 등촌동 511-11, ,일반,,,일반건축물(단일단위)
강서구,와이드앵글,서울특별시 강서구 방화동 886, ,일반,,,일반건축물(단일단위)
강서구,고릴라,서울특별시 강서구 등촌동 506-13, ,일반,,,일반건축물(단일단위)
강서구,지에스25강서,서울특별시 강서구 화곡동 1165-1,강서힐스테이트,집합,1,31,불일치(등록<실제)
강서구,라파리메디핏,서울특별시 강서구 마곡동 1168,한림리첸빌,집합,1,0,
강서구,씨유방화오피스,서울특별시 강서구 방화동 612-242,공항타워팰리스오피스텔,집합,1,5,불일치(등록<실제)
강서구,현이담,서울특별시 강서구 마곡동 800,나인스퀘어,집합,1,53,불일치(등록<실제)
강서구,명문유학원,서울특별시 강서구 마곡동 799-1,로뎀타워,집합,1,121,불일치(등록<실제)
강서구,제리왁싱,서울특별시 강서구 화곡동 1075-5, ,집합,1,4,불일치(등록<실제)
강서구,모션픽쳐,서울특별시 강서구 마곡동 801-1,열린M타워Ⅱ,집합,1,54,불일치(등록<실제)
강서구,송옥식품,서울특별시 강서구 가양동 1487,가양테크노타운,집합,1,14,불일치(등록<실제)
강서구,영보쥬얼리,서울특별시 강서구 공항동 301-48, ,일반,,,일반건축물(단일단위)
강서구,인티모,서울특별시 강서구 화곡동 342-53, ,일반,,,일반건축물(단일단위)
구로구,참튼튼병원,서울특별시 구로구 구로동 1126-34, ,일반,,,일반건축물(단일단위)
구로구,정직한이치과의원,서울특별시 구로구 오류동 148-2, ,일반,,,일반건축물(단일단위)
구로구,보석나라,서울특별시 구로구 개봉동 359-8, ,일반,,,일반건축물(단일단위)
구로구,재진스크린,서울특별시 구로구 구로동 835,나동,일반,,,일반건축물(단일단위)
구로구,태연디자인,서울특별시 구로구 항동 246-1,구로 SK V1 center,집합,1,0,
구로구,코지COZY,서울특별시 구로구 구로동 3-25,신도림테크노마트,집합,1,500,불일치(등록<실제)
구로구,스타일,서울특별시 구로구 개봉동 480,현대홈타운2단지,집합,0,15,불일치(등록<실제)
구로구,LG럭키공인중개사사무소,서울특별시 구로구 구로동 1257, ,집합,1,6,불일치(등록<실제)
구로구,모드네일,서울특별시 구로구 구로동 501,신구로자이 나인스에비뉴,집합,1,38,불일치(등록<실제)
구로구,대성B&B,서울특별시 구로구 구로동 197-30,오닉스 지식산업센터,집합,1,37,불일치(등록<실제)
구로구,세양청마루공인중개사사무소,서울특별시 구로구 고척동 41-27, ,일반,,,일반건축물(단일단위)
구로구,퍼니핏,서울특별시 구로구 온수동 45-51,온수빌딩,일반,,,일반건축물(단일단위)
구로구,구로세무회계사무소,서울특별시 구로구 구로동 212-8,대륭포스트타워1,집합,1,211,불일치(등록<실제)
구로구,율컨설팅,서울특별시 구로구 구로동 170-10,대륭포스트타워7차,집합,1,144,불일치(등록<실제)
구로구,코지코시,서울특별시 구로구 오류동 68-21,미래빌라,집합,1,1,
구로구,네일수,서울특별시 구로구 개봉동 262-24, ,일반,,,일반건축물(단일단위)
구로구,키즈포트폴리오,서울특별시 구로구 구로동 235-3,대륭포스트타워8차,집합,1,127,불일치(등록<실제)
구로구,부산어묵,서울특별시 구로구 개봉동 326-11,개봉,일반,,,일반건축물(단일단위)
구로구,도그버디,서울특별시 구로구 고척동 253-22, ,일반,,,일반건축물(단일단위)
구로구,제이헤어,서울특별시 구로구 개봉동 465-11, ,일반,,,일반건축물(단일단위)
구로구,듀크헤어,서울특별시 구로구 구로동 1280,한신휴플러스아파트,집합,1,42,불일치(등록<실제)
구로구,현대부동산공인중개사사무소,서울특별시 구로구 구로동 197-48,에이스테크노타워Ⅲ,집합,1,73,불일치(등록<실제)
구로구,미니스톱,서울특별시 구로구 개봉동 351-26, ,일반,,,일반건축물(단일단위)
구로구,변호사이동윤법률사무소,서울특별시 구로구 고척동 220-4, ,일반,,,일반건축물(단일단위)
구로구,토브카페,서울특별시 구로구 신도림동 643,신도림1차 동아아파트,집합,1,14,불일치(등록<실제)
구로구,선진플랜텍,서울특별시 구로구 구로동 235,한신아이티타워,집합,1,61,불일치(등록<실제)
구로구,휴비즈넷주,서울특별시 구로구 구로동 222-12,마리오 타워,집합,1,58,불일치(등록<실제)
구로구,피플앤트래블,서울특별시 구로구 고척동 62-160,대학본부동,일반,,,일반건축물(단일단위)
구로구,한국베어링판매협회,서울특별시 구로구 구로동 615-3,에스티엑스 더블유-타워,집합,1,36,불일치(등록<실제)
구로구,조남기획,서울특별시 구로구 구로동 1131-8,태천대,집합,1,11,불일치(등록<실제)
구로구,공지,서울특별시 구로구 구로동 170-5,우림이비지센타,집합,1,47,불일치(등록<실제)
구로구,도스토리연구소,서울특별시 구로구 개봉동 499,개봉소공인드림창작소,일반,,,일반건축물(단일단위)
구로구,명랑슈퍼,서울특별시 구로구 구로동 139-4, ,일반,,,일반건축물(단일단위)
구로구,로망휘트니스,서울특별시 구로구 고척동 39-6,신성빌딩,일반,,,일반건축물(단일단위)
금천구,금천삼성본정형외과의원,서울특별시 금천구 시흥동 994-9,제이타워,집합,1,13,불일치(등록<실제)
금천구,아비드안경콘택트,서울특별시 금천구 가산동 371-28,우림 라이온스밸리,집합,1,361,불일치(등록<실제)
금천구,진흥기업,서울특별시 금천구 가산동 481-11,대륭테크노타운8,집합,1,49,불일치(등록<실제)
금천구,대명포엠,서울특별시 금천구 가산동 371-17,BYC HIGHCITY,집합,1,79,불일치(등록<실제)
금천구,아시아애드컴,서울특별시 금천구 가산동 60-4,코오롱테크노밸리,집합,0,23,불일치(등록<실제)
금천구,마로블루,서울특별시 금천구 가산동 60-11,스타밸리,집합,1,91,불일치(등록<실제)
금천구,글로벌뉴스통신,서울특별시 금천구 시흥동 972, ,일반,,,일반건축물(단일단위)
금천구,숙이네국수,서울특별시 금천구 독산동 335-1, ,일반,,,일반건축물(단일단위)
금천구,육전국밥,서울특별시 금천구 가산동 371-42,승일VentureTower,집합,1,21,불일치(등록<실제)
금천구,에이스트,서울특별시 금천구 가산동 60-25,에이스하이엔드타워6,집합,1,61,불일치(등록<실제)
금천구,영노래연습장,서울특별시 금천구 가산동 143-44, ,일반,,,일반건축물(단일단위)
금천구,뽕잎사랑,서울특별시 금천구 시흥동 879-112, ,일반,,,일반건축물(단일단위)
금천구,스포츠브릿지,서울특별시 금천구 가산동 60-5,갑을 그레이트밸리,집합,1,90,불일치(등록<실제)
금천구,지에스25가산,서울특별시 금천구 가산동 371-41,가산 SK V1 center,집합,1,194,불일치(등록<실제)
금천구,헤일리랩,서울특별시 금천구 가산동 327-27,이앤씨드림타워8차,집합,1,26,불일치(등록<실제)
금천구,씨유대륭승리점,서울특별시 금천구 가산동 691,대륭테크노타운 20차,집합,1,169,불일치(등록<실제)
금천구,스트랜드,서울특별시 금천구 가산동 60-26,가산퍼블릭,집합,1,336,불일치(등록<실제)
금천구,쌍디지용퍼스타,서울특별시 금천구 가산동 459-24,하우스디 가산퍼스타,집합,1,183,불일치(등록<실제)
금천구,광진상사,서울특별시 금천구 독산동 1026, ,일반,,,일반건축물(단일단위)
금천구,신강얼음,서울특별시 금천구 가산동 149-1, ,일반,,,일반건축물(단일단위)
금천구,엠알커뮤니케이션즈,서울특별시 금천구 가산동 459-29,에이스 K1타워,집합,1,125,불일치(등록<실제)
금천구,서광모드,서울특별시 금천구 가산동 60-6, ,일반,,,일반건축물(단일단위)
금천구,건일메카,서울특별시 금천구 가산동 470-8,케이씨씨 웰츠밸리,집합,1,55,불일치(등록<실제)
금천구,문앤리,서울특별시 금천구 가산동 371-16,IT캐슬 2차,집합,1,107,불일치(등록<실제)
금천구,창신,서울특별시 금천구 가산동 371-37,STX V-TOWER,집합,1,117,불일치(등록<실제)
금천구,샛별구조엔지니어링,서울특별시 금천구 가산동 327-5,G밸리 더리브 스마트타워,집합,1,139,불일치(등록<실제)
금천구,데이케어,서울특별시 금천구 가산동 327-32,대륭테크노타운12차,집합,1,86,불일치(등록<실제)
금천구,원탑부동산,서울특별시 금천구 가산동 769,두산위브아파트,집합,1,22,불일치(등록<실제)
금천구,코크글리취유,서울특별시 금천구 가산동 426-5,월드메르디앙벤처센터II,집합,1,123,불일치(등록<실제)
금천구,세목기업주,서울특별시 금천구 가산동 60-73,벽산디지털밸리V,집합,1,55,불일치(등록<실제)
금천구,아이티씨지,서울특별시 금천구 가산동 660,에이스하이엔드타워10,집합,1,96,불일치(등록<실제)
금천구,밝은미소운동본부,서울특별시 금천구 가산동 219-5,가산 테라타워,집합,1,155,불일치(등록<실제)
영등포구,모모미술교습소,서울특별시 영등포구 양평동2가 23,양평동벽산블루밍아파트,집합,1,1,
영등포구,디지탈전자,서울특별시 영등포구 여의도동 17-20, ,집합,1,14,불일치(등록<실제)
영등포구,라벨르미용실,서울특별시 영등포구 영등포동3가 4, ,집합,1,3,불일치(등록<실제)
영등포구,목포낙지,서울특별시 영등포구 양평동2가 33-36, ,일반,,,일반건축물(단일단위)
영등포구,한백광고,서울특별시 영등포구 당산동3가 550,리드원센터,집합,1,93,불일치(등록<실제)
영등포구,태경행정사사무소,서울특별시 영등포구 대림동 1022-3, ,일반,,,일반건축물(단일단위)
영등포구,종로복떡집,서울특별시 영등포구 대림동 1036-14, ,일반,,,일반건축물(단일단위)
영등포구,굿옵티컬안경,서울특별시 영등포구 여의도동 1,국회 소통관,일반,,,일반건축물(단일단위)
영등포구,러브연애코치,서울특별시 영등포구 당산동1가 243, ,일반,,,일반건축물(단일단위)
영등포구,왕십리엄마네곱창,서울특별시 영등포구 당산동3가 326-1, ,일반,,,일반건축물(단일단위)
영등포구,해연유학원,서울특별시 영등포구 문래동4가 67,리버뷰 신안인스빌,집합,1,101,불일치(등록<실제)
영등포구,홍스커피홍，sCoffee,서울특별시 영등포구 당산동2가 30-2, ,집합,1,143,불일치(등록<실제)
영등포구,오렌지커뮤니케이션,서울특별시 영등포구 영등포동8가 85-12, ,일반,,,일반건축물(단일단위)
영등포구,서민수임대,서울특별시 영등포구 여의도동 26,S-TRENUE,집합,1,89,불일치(등록<실제)
영등포구,라온,서울특별시 영등포구 당산동2가 108, ,일반,,,일반건축물(단일단위)
영등포구,디자인어울림,서울특별시 영등포구 신길동 287-1, ,일반,,,일반건축물(단일단위)
영등포구,미스터브리즈커피,서울특별시 영등포구 대림동 755-37, ,일반,,,일반건축물(단일단위)
영등포구,여행이좋다,서울특별시 영등포구 도림동 265-6,도림동 하나클리닉센타,일반,,,일반건축물(단일단위)
영등포구,예인광고,서울특별시 영등포구 양평동2가 33-15, ,일반,,,일반건축물(단일단위)
영등포구,브이엠이즘,서울특별시 영등포구 여의도동 24-1, ,일반,,,일반건축물(단일단위)
영등포구,공간부식,서울특별시 영등포구 문래동2가 4-2, ,일반,,,일반건축물(단일단위)
영등포구,이미지메이커즈,서울특별시 영등포구 문래동3가 54-16, ,일반,,,일반건축물(단일단위)
영등포구,LJ커뮤니케이션,서울특별시 영등포구 문래동6가 24-1,에이스 하이테크시티2 지식산업센터,집합,1,102,불일치(등록<실제)
영등포구,토탈패션,서울특별시 영등포구 신길동 7-42, ,일반,,,일반건축물(단일단위)
영등포구,클론컨설팅,서울특별시 영등포구 여의도동 45-3,엔이에치농협캐피탈빌딩,일반,,,일반건축물(단일단위)
영등포구,서울신문,서울특별시 영등포구 여의도동 44-35, ,집합,0,95,불일치(등록<실제)
영등포구,고래스튜디오,서울특별시 영등포구 양평동4가 200-2, ,일반,,,일반건축물(단일단위)
영등포구,한옥집김치찜롯데백화점,서울특별시 영등포구 영등포동 618-496,영등포 민자역사,집합,1,282,불일치(등록<실제)
영등포구,전주집,서울특별시 영등포구 양평동5가 107-1, ,일반,,,일반건축물(단일단위)
영등포구,사비문,서울특별시 영등포구 당산동3가 183, ,일반,,,일반건축물(단일단위)
영등포구,상백임지석법률사무소,서울특별시 영등포구 양평동3가 5-4,에이스 하이테크시티3,집합,1,122,불일치(등록<실제)
영등포구,찬스커피,서울특별시 영등포구 양평동1가 9-1, ,일반,,,일반건축물(단일단위)
영등포구,동인아이비씨,서울특별시 영등포구 여의도동 12-1, ,집합,1,42,불일치(등록<실제)
영등포구,에스테틱YOU&I,서울특별시 영등포구 영등포동3가 9-13,에쉐르아이 시네마 쇼핑몰,집합,1,31,불일치(등록<실제)
영등포구,특향양꼬치,서울특별시 영등포구 대림동 1058-45, ,일반,,,일반건축물(단일단위)
영등포구,메이코트,서울특별시 영등포구 도림동 187-58, ,일반,,,일반건축물(단일단위)
영등포구,나무디자인,서울특별시 영등포구 문래동3가 77-9,메가벤처타워,집합,1,51,불일치(등록<실제)
동작구,보라매삼성정형외과의원,서울특별시 동작구 신대방동 395-69,보라매아카데미타워,집합,1,61,불일치(등록<실제)
동작구,스타7080,서울특별시 동작구 사당동 145-26, ,일반,,,일반건축물(단일단위)
동작구,GS25노량,서울특별시 동작구 노량진동 72-3, ,집합,1,6,불일치(등록<실제)
동작구,요리비멘동,서울특별시 동작구 상도동 504-7, ,일반,,,일반건축물(단일단위)
동작구,하늘공인중개사사무소,서울특별시 동작구 신대방동 362-31, ,일반,,,일반건축물(단일단위)
동작구,고깃집,서울특별시 동작구 흑석동 43-9, ,일반,,,일반건축물(단일단위)
동작구,버드나무하우스,서울특별시 동작구 신대방동 607-28, ,집합,1,7,불일치(등록<실제)
동작구,탑공인중개사사무소,서울특별시 동작구 상도1동 666-1,진영빌딩,일반,,,일반건축물(단일단위)
동작구,더쌍화커피,서울특별시 동작구 사당동 89-21, ,일반,,,일반건축물(단일단위)
동작구,디자인진,서울특별시 동작구 상도동 126-50, ,일반,,,일반건축물(단일단위)
동작구,씨엠시스템,서울특별시 동작구 사당동 249-22, ,일반,,,일반건축물(단일단위)
동작구,신주닭발,서울특별시 동작구 노량진동 124-10, ,일반,,,일반건축물(단일단위)
동작구,라이더모터스,서울특별시 동작구 사당동 1049-15,UPON 1049,일반,,,일반건축물(단일단위)
동작구,일촌회마차,서울특별시 동작구 신대방동 605-16, ,일반,,,일반건축물(단일단위)
동작구,압구정봉구비어대방역점,서울특별시 동작구 대방동 500,성원아파트,집합,1,16,불일치(등록<실제)
동작구,이은스터디카페숭실대센터,서울특별시 동작구 상도동 490, ,일반,,,일반건축물(단일단위)
동작구,디딤골프스튜디오,서울특별시 동작구 사당동 1007-45,승지빌딩,일반,,,일반건축물(단일단위)
동작구,퍼플안경,서울특별시 동작구 대방동 17-29, ,일반,,,일반건축물(단일단위)
동작구,사이야,서울특별시 동작구 신대방동 350-9, ,일반,,,일반건축물(단일단위)
동작구,에이치에스와이,서울특별시 동작구 사당동 185-17, ,일반,,,일반건축물(단일단위)
동작구,한국취업신문,서울특별시 동작구 흑석동 221,봅스트홀 공과대학,일반,,,일반건축물(단일단위)
동작구,아츠리퍼블릭,서울특별시 동작구 본동 9-34, ,일반,,,일반건축물(단일단위)
동작구,나비프로젝트,서울특별시 동작구 노량진동 56-26, ,일반,,,일반건축물(단일단위)
동작구,꿈이찬보습학원,서울특별시 동작구 상도동 259-1, ,일반,,,일반건축물(단일단위)
동작구,그린세탁,서울특별시 동작구 사당동 263-1, ,일반,,,일반건축물(단일단위)
동작구,오다헤어,서울특별시 동작구 흑석동 102-25, ,일반,,,일반건축물(단일단위)
동작구,노량진고시텔,서울특별시 동작구 노량진동 240-27, ,일반,,,일반건축물(단일단위)
동작구,디에스가발,서울특별시 동작구 상도1동 747-3, ,일반,,,일반건축물(단일단위)
동작구,골드공인중개사사무소,서울특별시 동작구 대방동 412-19, ,일반,,,일반건축물(단일단위)
동작구,충북순대,서울특별시 동작구 흑석동 50-24, ,일반,,,일반건축물(단일단위)
동작구,아이비스넷,서울특별시 동작구 상도동 360-6, ,일반,,,일반건축물(단일단위)
동작구,레알짱,서울특별시 동작구 노량진동 133, ,일반,,,일반건축물(단일단위)
동작구,업소명없음,서울특별시 동작구 노량진동 16-1,노량진 드림스퀘어 복합빌딩,집합,1,62,불일치(등록<실제)
동작구,케이이와이,서울특별시 동작구 대방동 382-4, ,일반,,,일반건축물(단일단위)
관악구,대교솔루니신림조원독서논술교습소,서울특별시 관악구 신림동 562-24, ,일반,,,일반건축물(단일단위)
관악구,리얼원미디어,서울특별시 관악구 봉천동 29-22, ,집합,1,1,
관악구,한길약국,서울특별시 관악구 봉천동 926-29, ,일반,,,일반건축물(단일단위)
관악구,펭귄반찬,서울특별시 관악구 신림동 541, ,집합,1,37,불일치(등록<실제)
관악구,코지,서울특별시 관악구 신림동 1536-11, ,일반,,,일반건축물(단일단위)
관악구,보이네안경,서울특별시 관악구 봉천동 1680-31, ,일반,,,일반건축물(단일단위)
관악구,미스터짱닭,서울특별시 관악구 신림동 1436-17, ,일반,,,일반건축물(단일단위)
관악구,아로마,서울특별시 관악구 봉천동 1657-16, ,일반,,,일반건축물(단일단위)
관악구,폰&Love,서울특별시 관악구 봉천동 1629-4, ,일반,,,일반건축물(단일단위)
관악구,레드우드휘트니스,서울특별시 관악구 신림동 1563-66, ,일반,,,일반건축물(단일단위)
관악구,선예의학센타,서울특별시 관악구 봉천동 1639-23, ,일반,,,일반건축물(단일단위)
관악구,블랙마인,서울특별시 관악구 신림동 505-12, ,일반,,,일반건축물(단일단위)
관악구,모모모,서울특별시 관악구 봉천동 492-7, ,일반,,,일반건축물(단일단위)
관악구,씨크린텍,서울특별시 관악구 신림동 105-41, ,집합,1,1,
관악구,위드커피호프,서울특별시 관악구 신림동 1654-9, ,일반,,,일반건축물(단일단위)
관악구,한마음고시원,서울특별시 관악구 신림동 94-6, ,일반,,,일반건축물(단일단위)
관악구,소디스쑥고개점,서울특별시 관악구 봉천동 1559-26, ,일반,,,일반건축물(단일단위)
관악구,식물리에,서울특별시 관악구 봉천동 15-28, ,일반,,,일반건축물(단일단위)
관악구,지니어스,서울특별시 관악구 신림동 108-24, ,일반,,,일반건축물(단일단위)
관악구,한국뷰티샵중앙회,서울특별시 관악구 신림동 86-1,S-빌딩,집합,1,22,불일치(등록<실제)
관악구,유니팝미술학원서울신림센터,서울특별시 관악구 신림동 1485-12,대우빌딩,집합,1,6,불일치(등록<실제)
관악구,마선생마제,서울특별시 관악구 봉천동 729-32,해태보라매타워,집합,1,36,불일치(등록<실제)
관악구,두드림구조엔지니어링,서울특별시 관악구 신림동 1730,신림푸르지오,집합,1,62,불일치(등록<실제)
관악구,찰솥밥소담쌈밥&추어탕,서울특별시 관악구 봉천동 1673-1, ,일반,,,일반건축물(단일단위)
관악구,어느멋진날,서울특별시 관악구 신림동 251-12, ,일반,,,일반건축물(단일단위)
관악구,카페아름다움,서울특별시 관악구 신림동 746-43,건영아파트,집합,0,8,불일치(등록<실제)
관악구,최숙자미용실,서울특별시 관악구 봉천동 13-10, ,일반,,,일반건축물(단일단위)
관악구,오미각,서울특별시 관악구 봉천동 851-13, ,일반,,,일반건축물(단일단위)
관악구,개성시대,서울특별시 관악구 신림동 704-2,NG175빌딩,일반,,,일반건축물(단일단위)
관악구,삼원종합인테리어,서울특별시 관악구 신림동 646-270, ,일반,,,일반건축물(단일단위)
관악구,하미스토리,서울특별시 관악구 봉천동 1666-46, ,일반,,,일반건축물(단일단위)
관악구,믿음공인노무사사무소,서울특별시 관악구 신림동 1562-10, ,집합,1,1,
서초구,당신의정신건강의학과의원,서울특별시 서초구 서초동 1328-11,대우도씨에빛2,집합,1,123,불일치(등록<실제)
서초구,한국황토건축연구소,서울특별시 서초구 서초동 1308-25,강남오피스텔,집합,1,58,불일치(등록<실제)
서초구,오디오랜드,서울특별시 서초구 서초동 1445-3,국제전자센터,집합,1,337,불일치(등록<실제)
서초구,명승상사,서울특별시 서초구 방배동 924-14, ,일반,,,일반건축물(단일단위)
서초구,한국경영기술지도연구원,서울특별시 서초구 서초동 1595-2, ,집합,1,26,불일치(등록<실제)
서초구,법무사신천수사무소,서울특별시 서초구 서초동 1571-16, ,일반,,,일반건축물(단일단위)
서초구,국가대표유학가,서울특별시 서초구 서초동 1319-11,두산베어스텔,집합,1,140,불일치(등록<실제)
서초구,한국인재인증센터,서울특별시 서초구 잠원동 24-7, ,일반,,,일반건축물(단일단위)
서초구,귤,서울특별시 서초구 서초동 1303-22,교보생명보험(주) 서초사옥,일반,,,일반건축물(단일단위)
서초구,H기획,서울특별시 서초구 서초동 1602-4, ,일반,,,일반건축물(단일단위)
서초구,갤러리공인중개사사무소,서울특별시 서초구 서초동 1561-3, ,일반,,,일반건축물(단일단위)
서초구,스포츠조선서부광고지사,서울특별시 서초구 방배동 1002-1, ,일반,,,일반건축물(단일단위)
서초구,유진컴,서울특별시 서초구 서초동 1316-5,부띠크 모나코,집합,1,98,불일치(등록<실제)
서초구,영동공인중개사사무소,서울특별시 서초구 잠원동 23-12, ,일반,,,일반건축물(단일단위)
서초구,코코,서울특별시 서초구 반포동 19-1, ,집합,1,91,불일치(등록<실제)
서초구,스튜디오엠,서울특별시 서초구 반포동 745-6, ,집합,1,19,불일치(등록<실제)
서초구,조예디자인,서울특별시 서초구 방배동 936-7, ,일반,,,일반건축물(단일단위)
서초구,변호사김준성법률사무소,서울특별시 서초구 서초동 1573-10,로이어즈타워,집합,1,115,불일치(등록<실제)
서초구,KnL,서울특별시 서초구 방배동 853-23,승인빌딩,일반,,,일반건축물(단일단위)
서초구,베스트셀러바나나,서울특별시 서초구 서초동 1355-8,중앙로얄오피스텔,집합,1,193,불일치(등록<실제)
서초구,법무사홍창표사무소,서울특별시 서초구 양재동 373,栖僖(서희)빌딩,일반,,,일반건축물(단일단위)
서초구,주은건축연구소,서울특별시 서초구 방배동 873-9,방배동 빌딩,일반,,,일반건축물(단일단위)
서초구,지에이,서울특별시 서초구 서초동 1329-8, ,일반,,,일반건축물(단일단위)
서초구,깔리,서울특별시 서초구 방배동 443-4, ,일반,,,일반건축물(단일단위)
서초구,주진화성지센타,서울특별시 서초구 서초동 1316-4, ,집합,1,35,불일치(등록<실제)
서초구,블루레몬즈,서울특별시 서초구 서초동 1561-1, ,집합,1,3,불일치(등록<실제)
서초구,임경법무사사무소,서울특별시 서초구 서초동 1603-68,부속,집합,1,13,불일치(등록<실제)
서초구,고지운변호사사무소,서울특별시 서초구 서초동 1706-4,변호사교육문화관,일반,,,일반건축물(단일단위)
서초구,다인세무회계사무소,서울특별시 서초구 서초동 1699-1, ,일반,,,일반건축물(단일단위)
서초구,씨엠제이디자인그룹,서울특별시 서초구 양재동 398-10, ,일반,,,일반건축물(단일단위)
서초구,디끌레,서울특별시 서초구 반포동 703-19, ,일반,,,일반건축물(단일단위)
서초구,705사케집,서울특별시 서초구 서초동 1597-1,신영빌딩,일반,,,일반건축물(단일단위)
서초구,행복플러스,서울특별시 서초구 서초동 1337-6,강남 효성 해링턴 타워,집합,1,413,불일치(등록<실제)
강남구,삼성마음친구정신건강의학과,서울특별시 강남구 수서동 714,로얄프라자,집합,1,27,불일치(등록<실제)
강남구,수미상회,서울특별시 강남구 논현동 145-16, ,일반,,,일반건축물(단일단위)
강남구,강남연세안과의원,서울특별시 강남구 역삼동 705-30,선릉빌딩,일반,,,일반건축물(단일단위)
강남구,청담경일태권도,서울특별시 강남구 청담동 123-44, ,일반,,,일반건축물(단일단위)
강남구,탠캘리포니아,서울특별시 강남구 신사동 523-18, ,일반,,,일반건축물(단일단위)
강남구,에이스엔지니어링,서울특별시 강남구 역삼동 708-33,역삼동벤쳐빌딩,집합,1,48,불일치(등록<실제)
강남구,한양법률사무소,서울특별시 강남구 역삼동 702-2,삼성제일빌딩,집합,1,74,불일치(등록<실제)
강남구,다함경영컨설팅,서울특별시 강남구 도곡동 417-12, ,일반,,,일반건축물(단일단위)
강남구,샤론스톤,서울특별시 강남구 압구정동 456,현대아파트74동,집합,1,31,불일치(등록<실제)
강남구,노리터,서울특별시 강남구 논현동 114-29, ,일반,,,일반건축물(단일단위)
강남구,세린유학원,서울특별시 강남구 대치동 889-47,샹제리제센터,집합,1,65,불일치(등록<실제)
강남구,문스페이스,서울특별시 강남구 신사동 548-4,에비뉴 21,일반,,,일반건축물(단일단위)
강남구,케이엔에이,서울특별시 강남구 도곡동 963,역삼럭키아파트109동,집합,1,32,불일치(등록<실제)
강남구,팍스컨설팅,서울특별시 강남구 삼성동 159-6, ,일반,,,일반건축물(단일단위)
강남구,만성질환뉴스,서울특별시 강남구 개포동 1264-7, ,집합,1,1,
강남구,다미,서울특별시 강남구 삼성동 10-20, ,일반,,,일반건축물(단일단위)
강남구,가인미가,서울특별시 강남구 대치동 945-5,슈페리어타워,일반,,,일반건축물(단일단위)
강남구,제이엠엔터테인먼트,서울특별시 강남구 역삼동 728-39, ,일반,,,일반건축물(단일단위)
강남구,파리클라라,서울특별시 강남구 개포동 12-4,석탑프라자,집합,1,70,불일치(등록<실제)
강남구,펜앤아트카페촉,서울특별시 강남구 삼성동 109, ,일반,,,일반건축물(단일단위)
강남구,박미정의한복이야기,서울특별시 강남구 논현동 111-1,논현 에프오빌딩,일반,,,일반건축물(단일단위)
강남구,강남공인중개사사무소,서울특별시 강남구 역삼동 749-15, ,일반,,,일반건축물(단일단위)
강남구,무역포장우,서울특별시 강남구 삼성동 159,ASEM 및 한국종합무역센타단지,일반,,,일반건축물(단일단위)
강남구,카위즈,서울특별시 강남구 도곡동 544-8,도곡동 544-8 공동주택 (김상욱),일반,,,일반건축물(단일단위)
강남구,인터넷독립신문,서울특별시 강남구 논현동 32-9,베르사이유 II,집합,1,1,
강남구,올인원오피스,서울특별시 강남구 삼성동 119, ,일반,,,일반건축물(단일단위)
강남구,윤석란바디케어,서울특별시 강남구 신사동 658,로데오현대(아)상가 101동,집합,1,30,불일치(등록<실제)
강남구,동일세무회계사무소,서울특별시 강남구 논현동 203, ,집합,1,96,불일치(등록<실제)
강남구,디유,서울특별시 강남구 청담동 95-3, ,일반,,,일반건축물(단일단위)
강남구,잉크홀릭타투,서울특별시 강남구 논현동 6-5, ,일반,,,일반건축물(단일단위)
강남구,렌즈커뮤니케이션즈,서울특별시 강남구 논현동 151-25, ,일반,,,일반건축물(단일단위)
강남구,태양공인중개사사무소,서울특별시 강남구 삼성동 116-27, ,일반,,,일반건축물(단일단위)
강남구,세무사김승일사무소,서울특별시 강남구 역삼동 824-11,한라클라식 오피스텔,집합,1,173,불일치(등록<실제)
강남구,사헌법률사무소,서울특별시 강남구 삼성동 159-8,파르나스,일반,,,일반건축물(단일단위)
강남구,강남로얄,서울특별시 강남구 역삼동 642-19,역삼하이츠빌딩,집합,1,144,불일치(등록<실제)
강남구,담다,서울특별시 강남구 삼성동 140-11, ,일반,,,일반건축물(단일단위)
송파구,잠실믿음정형외과,서울특별시 송파구 잠실동 242-9,규영빌딩,일반,,,일반건축물(단일단위)
송파구,전주콩나루콩나물국밥,서울특별시 송파구 오금동 40-3, ,일반,,,일반건축물(단일단위)
송파구,김영수법률사무소,서울특별시 송파구 문정동 651-4,화엄타워,집합,1,39,불일치(등록<실제)
송파구,가든사,서울특별시 송파구 문정동 634,가든파이브라이프,집합,1,500,불일치(등록<실제)
송파구,시그니아독일보청기올림픽센터,서울특별시 송파구 풍납동 401-2, ,일반,,,일반건축물(단일단위)
송파구,불타니한우,서울특별시 송파구 송파동 58-4,레이크 해모로,집합,1,5,불일치(등록<실제)
송파구,현대공인중개사사무소,서울특별시 송파구 송파동 15-7, ,일반,,,일반건축물(단일단위)
송파구,더라임,서울특별시 송파구 가락동 140,가락쌍용아파트,집합,1,78,불일치(등록<실제)
송파구,파리바게트방이역점,서울특별시 송파구 방이동 207-8, ,일반,,,일반건축물(단일단위)
송파구,세종태닝피부,서울특별시 송파구 풍납동 153-22, ,일반,,,일반건축물(단일단위)
송파구,커텐,서울특별시 송파구 잠실동 22-6,리센츠,집합,1,266,불일치(등록<실제)
송파구,회계와컴퓨터,서울특별시 송파구 방이동 191-2, ,일반,,,일반건축물(단일단위)
송파구,국보갤러리,서울특별시 송파구 문정동 651-15,파트너스2,집합,1,119,불일치(등록<실제)
송파구,백년장수왕족발,서울특별시 송파구 문정동 58-24, ,일반,,,일반건축물(단일단위)
송파구,CAFE하비비,서울특별시 송파구 문정동 652-1,프라비다옥토,집합,0,16,불일치(등록<실제)
송파구,진진가마솥설렁탕,서울특별시 송파구 거여동 42-12, ,일반,,,일반건축물(단일단위)
송파구,J'DeFloral,서울특별시 송파구 방이동 185-8,올가홀푸드,일반,,,일반건축물(단일단위)
송파구,보궁,서울특별시 송파구 방이동 89-11,올림픽선수기자촌아파트,집합,1,241,불일치(등록<실제)
송파구,질리안제이케이,서울특별시 송파구 잠실동 85,아시아선수촌아파트,집합,1,26,불일치(등록<실제)
송파구,세무사김민규사무소,서울특별시 송파구 문정동 645-2,에이치비즈니스파크,집합,1,266,불일치(등록<실제)
송파구,동림건축사사무소,서울특별시 송파구 문정동 641-4,문정대명벨리온,집합,1,128,불일치(등록<실제)
송파구,파란하늘인테리어,서울특별시 송파구 문정동 642-3,문정역SKV1,집합,1,500,불일치(등록<실제)
송파구,숨네일,서울특별시 송파구 오금동 133-23,미소빌딩,집합,1,5,불일치(등록<실제)
송파구,이유컴퍼니,서울특별시 송파구 문정동 652-5,문정 아이파크,집합,1,100,불일치(등록<실제)
송파구,GS25잠실잠전점,서울특별시 송파구 잠실동 214-7, ,일반,,,일반건축물(단일단위)
송파구,107스튜디오,서울특별시 송파구 잠실동 185-3, ,일반,,,일반건축물(단일단위)
송파구,패셔널,서울특별시 송파구 오금동 82-12, ,일반,,,일반건축물(단일단위)
송파구,유니원네일,서울특별시 송파구 풍납동 391,극동아파트,집합,1,4,불일치(등록<실제)
송파구,바른,서울특별시 송파구 거여동 603,유원플러스 송파,집합,1,53,불일치(등록<실제)
송파구,떡볶이참잘하는집떡참송파,서울특별시 송파구 가락동 84-8, ,일반,,,일반건축물(단일단위)
송파구,알파약국,서울특별시 송파구 신천동 7-19,잠실시그마타워,집합,1,34,불일치(등록<실제)
송파구,샛별래쉬,서울특별시 송파구 가락동 111, ,일반,,,일반건축물(단일단위)
강동구,기쁨내과,서울특별시 강동구 성내동 440, ,집합,1,17,불일치(등록<실제)
강동구,다인정형외과의원,서울특별시 강동구 성내동 415-8, ,집합,1,64,불일치(등록<실제)
강동구,고덕에듀플렉스심리상담연구소,서울특별시 강동구 고덕동 194, ,일반,,,일반건축물(단일단위)
강동구,제일공인중개사,서울특별시 강동구 상일동 258, ,일반,,,일반건축물(단일단위)
강동구,통신회계컨설턴트,서울특별시 강동구 천호동 449-49,힐탑프라자,집합,1,82,불일치(등록<실제)
강동구,명일마트종로약국,서울특별시 강동구 명일동 46-4,신세계이마트명일점,일반,,,일반건축물(단일단위)
강동구,Theword,서울특별시 강동구 성내동 112-25, ,일반,,,일반건축물(단일단위)
강동구,둔촌자전거,서울특별시 강동구 둔촌동 494-6, ,일반,,,일반건축물(단일단위)
강동구,강동보건약국,서울특별시 강동구 성내동 550-4, ,일반,,,일반건축물(단일단위)
강동구,갤러리타블로,서울특별시 강동구 둔촌동 65-2, ,일반,,,일반건축물(단일단위)
강동구,튼튼온누리약국,서울특별시 강동구 천호동 314, ,일반,,,일반건축물(단일단위)
강동구,제로파트너스건축사사무소,서울특별시 강동구 길동 106-6,그린하우스,일반,,,일반건축물(단일단위)
강동구,수래쉬,서울특별시 강동구 명일동 257,고덕주공아파트,집합,1,7,불일치(등록<실제)
강동구,제이탑항공,서울특별시 강동구 고덕동 210-1,고덕 센트럴 푸르지오,집합,1,72,불일치(등록<실제)
강동구,장성글로벌,서울특별시 강동구 성내동 455-18,장성글로벌빌딩,일반,,,일반건축물(단일단위)
강동구,만나찬방,서울특별시 강동구 천호동 461-126, ,일반,,,일반건축물(단일단위)
강동구,울랄라노래연습장,서울특별시 강동구 천호동 293-10,강동아트타워,일반,,,일반건축물(단일단위)
강동구,혜성커피숍,서울특별시 강동구 길동 370-14, ,일반,,,일반건축물(단일단위)
강동구,B1사이클,서울특별시 강동구 천호동 331-24, ,일반,,,일반건축물(단일단위)
강동구,나예,서울특별시 강동구 둔촌동 611,둔촌 한솔 솔파크,집합,1,1,
강동구,공손서점,서울특별시 강동구 명일동 47-4, ,집합,1,22,불일치(등록<실제)
강동구,소망공인중개사사무소,서울특별시 강동구 명일동 312-43, ,일반,,,일반건축물(단일단위)
강동구,케이디스포텍,서울특별시 강동구 성내동 545-8,집앤사 비키아파트,집합,1,1,
강동구,비에이치씨천호대교점,서울특별시 강동구 천호동 458-3,천호역 한강 청년주택,집합,1,25,불일치(등록<실제)
강동구,타쎄,서울특별시 강동구 고덕동 509-4, ,일반,,,일반건축물(단일단위)
강동구,동양부동산공인중개사사무소,서울특별시 강동구 명일동 224-5, ,일반,,,일반건축물(단일단위)
강동구,암사114공인중개사사무소,서울특별시 강동구 암사동 463-6, ,일반,,,일반건축물(단일단위)
강동구,수토피아네일,서울특별시 강동구 성내동 448-26,삼안빌딩,일반,,,일반건축물(단일단위)
강동구,쥬빌리,서울특별시 강동구 성내동 435-6, ,일반,,,일반건축물(단일단위)
강동구,휴먼트레블주,서울특별시 강동구 성내동 455,진영빌딩,일반,,,일반건축물(단일단위)
강동구,삼족오화운데이션,서울특별시 강동구 암사동 458-41, ,일반,,,일반건축물(단일단위)
강동구,KD평생교육원,서울특별시 강동구 천호동 317-11, ,일반,,,일반건축물(단일단위)
강동구,삼풍월드서비스주,서울특별시 강동구 명일동 47,명일삼환아파트,집합,1,6,불일치(등록<실제)
강동구,더화이트호텔리조트,서울특별시 강동구 천호동 42,천호복합 상업시설,집합,1,38,불일치(등록<실제)
